source_id,ra,dec,pmra,pmdec,phot_g_mean_mag,b_jkc_mag,v_jkc_mag,r_jkc_mag,i_jkc_mag,g_sdss_mag,r_sdss_mag,i_sdss_mag,c_star
1903906161337080320,339.1220704475952,34.47938879165991,-4.921390886692547,-8.254834844448688,14.077463150024414,14.604204177856445,14.188040733337402,13.928040504455566,13.659770011901855,14.309210777282715,14.087417602539062,14.037260055541992,-0.005807399749755859
1903908326000764416,339.2180087094554,34.565897932643765,5.0015549188253,0.9772439674866473,16.674562454223633,17.630271911621094,16.876476287841797,16.44709587097168,16.029935836791992,17.195491790771484,16.644084930419922,16.444822311401367,-0.0024611949920654297
1903908188561808128,339.1759893807639,34.57285434878554,-7.191626494465857,-18.243849265869073,16.208141326904297,17.82965850830078,16.64727020263672,15.920913696289062,15.32312297821045,17.246946334838867,16.165142059326172,15.784796714782715,-0.008505702018737793
1903157187759881472,339.21732358170215,34.518502036761355,2.9080836360248106,-0.20836159767316678,15.473226547241211,16.28289222717285,15.64611530303955,15.26860237121582,14.891088485717773,15.89883041381836,15.453690528869629,15.297685623168945,0.013851761817932129
1903157840594903552,339.2510482119212,34.577654345416114,-1.695292581398146,-0.5063028929555338,13.982675552368164,14.696361541748047,14.135693550109863,13.79202938079834,13.44884204864502,14.346423149108887,13.969575881958008,13.846305847167969,-7.18832015991211e-05
1903162547879113600,339.49685103337674,34.356258393414244,15.463864188825143,-0.205595286262172,12.83326530456543,13.785916328430176,13.041504859924316,12.607831001281738,12.205354690551758,13.354241371154785,12.801520347595215,12.615406036376953,-0.0028095245361328125
1903137843227045504,339.32721754738566,34.27385253879032,-62.38700232131741,-25.9355166004316,11.982295989990234,13.153250694274902,12.252044677734375,11.723633766174316,11.262513160705566,12.653687477111816,11.932347297668457,11.68887996673584,-0.0038118362426757812
1903139080177812096,339.48657225558077,34.33540238784358,2.8394619275001274,-4.077982999171872,17.2576904296875,18.072391510009766,17.407608032226562,17.02971649169922,16.613445281982422,17.680194854736328,17.222061157226562,17.022619247436523,0.03856205940246582
1903138702220694272,339.4601485303977,34.29519839995382,-5.4090965246284926,-2.0891025660394575,13.150195121765137,14.542691230773926,13.456853866577148,12.886957168579102,12.355001449584961,13.957595825195312,13.114651679992676,12.803021430969238,-0.00451350212097168
1903177253847284224,339.46238677472525,34.53036667742526,3.8176587171533214,-2.4712150815373963,16.88710594177246,18.848535537719727,17.464466094970703,16.6033935546875,15.828399658203125,18.219770431518555,16.897611618041992,16.333681106567383,0.03344392776489258
1903177528725183104,339.4355453295763,34.55872683559473,10.17536682738036,-1.141107621044886,15.551867485046387,16.380813598632812,15.739028930664062,15.349541664123535,14.953008651733398,15.99829387664795,15.538992881774902,15.365427017211914,0.002447366714477539
1903139767372574720,339.44292191800275,34.337034032189706,0.1868344219292915,-3.522419918405632,17.0456600189209,17.958881378173828,17.242950439453125,16.817277908325195,16.37799835205078,17.531692504882812,17.019189834594727,16.798158645629883,0.017536520957946777
1903180071345642368,339.3559174827757,34.5351425056438,-5.807802016411716,-5.958113968579295,15.847826957702637,16.991479873657227,16.089630126953125,15.593423843383789,15.146710395812988,16.489383697509766,15.798429489135742,15.570209503173828,-0.006527423858642578
1903179899546953344,339.3552168455563,34.516238070766384,-4.865068003992766,-3.606796898158442,16.90119171142578,17.754358291625977,17.094606399536133,16.695329666137695,16.28916358947754,17.36530303955078,16.888662338256836,16.701223373413086,-0.0007760524749755859
1903144096699417984,339.12557086481354,34.254961051579215,-0.6650665253212626,-1.9733796304100193,17.282304763793945,18.343332290649414,17.512401580810547,17.054597854614258,16.58241081237793,17.877700805664062,17.264554977416992,17.012439727783203,-0.007892012596130371
1903175535860198528,339.4195167669328,34.433729336461724,1.1561165435122263,-2.596245361302231,16.556629180908203,17.523509979248047,16.768590927124023,16.33647346496582,15.912300109863281,17.087244033813477,16.53551483154297,16.32674789428711,-0.007615923881530762
1903147944990096896,339.12570747612807,34.355312083429816,4.264438376230935,-0.5782641249346727,16.40727424621582,17.34139633178711,16.613880157470703,16.18294906616211,15.767600059509277,16.922584533691406,16.37798309326172,16.182966232299805,-0.00020253658294677734
1903149697336777088,339.290886681961,34.29255508940187,-3.1294382754119994,-3.1094863400709603,16.65023422241211,17.733718872070312,16.904138565063477,16.420732498168945,15.94576358795166,17.268733978271484,16.629980087280273,16.377307891845703,-0.008089303970336914
1903149147580965504,339.2486216404802,34.26064912889368,42.375707879559315,-129.24359090698255,11.464302062988281,13.836957931518555,12.339324951171875,11.330636024475098,10.223641395568848,13.145984649658203,11.718452453613281,10.817389488220215,0.010868668556213379
1903151346604396416,339.33541491802634,34.33739744891998,3.6171448733565765,-0.9461374217021471,15.959098815917969,16.794960021972656,16.130186080932617,15.747833251953125,15.36799430847168,16.3955020904541,15.935035705566406,15.77412223815918,0.0013808012008666992
1903150762488658176,339.26991194692346,34.33305848384749,-1.9722421216508654,-4.8409306748172725,14.763530731201172,15.650123596191406,14.945899963378906,14.542108535766602,14.147985458374023,15.235616683959961,14.73361587524414,14.557250022888184,0.003928542137145996
1903151484043348096,339.35565386844485,34.36268755017231,0.8356030510303474,-12.485542248903773,16.828535079956055,18.176219940185547,17.188335418701172,16.572362899780273,16.028934478759766,17.657474517822266,16.80021095275879,16.483728408813477,-0.020209789276123047
1903154198462660608,339.2471469518726,34.41773048757868,2.8991551581639987,-1.727813922310711,17.472118377685547,18.63311004638672,17.732704162597656,17.228506088256836,16.782474517822266,18.134315490722656,17.42047691345215,17.209922790527344,-0.03333473205566406
1903154610779518848,339.1339594529476,34.380656167758566,-4.991783242373145,-4.7994929038696155,17.100656509399414,18.51692008972168,17.45264434814453,16.8275089263916,16.296754837036133,17.960201263427734,17.055261611938477,16.737985610961914,-0.012439250946044922
1903155293676985728,339.2098688311474,34.453346292067174,0.017947329059966637,0.05952818378024807,17.649948120117188,18.768383026123047,17.911592483520508,17.405973434448242,16.93465805053711,18.296829223632812,17.617095947265625,17.363239288330078,0.0011489391326904297
1903155504132525568,339.1475324311571,34.45566353862173,-8.408698112550116,-7.7629017427581495,15.782674789428711,16.774690628051758,15.990189552307129,15.549678802490234,15.130539894104004,16.325775146484375,15.74502944946289,15.552130699157715,-0.003534674644470215
1903155538492263808,339.1750154680102,34.46973484107099,-0.8468629973196149,-1.9010756397806108,17.087553024291992,17.98409652709961,17.275779724121094,16.867698669433594,16.470905303955078,17.567800521850586,17.052793502807617,16.880653381347656,-0.011367559432983398
1903155744650885632,339.25510931420155,34.429486466384084,13.014957000182282,-4.871155025992304,16.845325469970703,18.126615524291992,17.22847557067871,16.475616455078125,15.859875679016113,17.72747039794922,16.732744216918945,16.3201847076416,0.2794644832611084
1903157011663916032,339.2278948622728,34.508394842929356,3.374385245838332,-2.4318644868943906,17.135454177856445,18.589458465576172,17.507354736328125,16.869876861572266,16.322885513305664,18.02806282043457,17.099679946899414,16.771554946899414,-0.016312479972839355
1903157187759884160,339.210190927109,34.504008515741035,1.1145235567749272,-0.41851278232712025,17.32844352722168,18.58941078186035,17.60725212097168,17.066171646118164,16.59318733215332,18.051301956176758,17.276161193847656,17.026386260986328,-0.01401829719543457
1903163887908894464,339.48123674760006,34.44169055756315,-10.511576123170185,-5.159115473488886,13.513410568237305,14.222172737121582,13.66649341583252,13.327638626098633,12.982561111450195,13.872298240661621,13.506574630737305,13.378840446472168,0.001299738883972168
1903163647390730112,339.45555016240013,34.408519384307944,0.7744517019742343,-2.151277324822391,13.849040985107422,14.600066184997559,14.006304740905762,13.656058311462402,13.314401626586914,14.229976654052734,13.834078788757324,13.710000991821289,-0.003499150276184082
1903175982536789632,339.43206578681094,34.48890381889943,93.55546086427734,-13.47478483650652,11.507731437683105,12.794493675231934,11.82209587097168,11.237936973571777,10.74753189086914,12.272817611694336,11.454805374145508,11.18040657043457,-0.006597638130187988
1903177528725184640,339.4387819622382,34.55544142200858,-25.102662085126653,-11.670403542021116,11.899667739868164,12.66430950164795,12.070037841796875,11.706348419189453,11.334171295166016,12.2988862991333,11.890584945678711,11.738805770874023,0.0016976594924926758
1903143478224135296,339.2272650381148,34.24830814029975,18.005491216979987,17.557893824654123,16.88896942138672,18.972835540771484,17.58184814453125,16.665937423706055,15.72375202178955,18.336137771606445,17.00566864013672,16.27257537841797,0.04758036136627197
1903147601392721792,339.1567561871881,34.31856716816914,-1.733465613449404,-5.1390997249520955,16.148344039916992,17.084890365600586,16.345918655395508,15.9233980178833,15.520647048950195,16.657121658325195,16.11690330505371,15.932156562805176,-0.001362919807434082
1903147532673244800,339.1318596396896,34.308303113658255,3.1679534539379257,0.16893412390249365,16.00082778930664,17.060588836669922,16.233478546142578,15.766854286193848,15.313620567321777,16.59635353088379,15.971885681152344,15.738909721374512,-0.004388332366943359
1903147876270624000,339.14022678685666,34.339211963367816,-8.236193993129527,-9.549127605878235,16.375667572021484,17.459182739257812,16.61299705505371,16.124614715576172,15.687816619873047,16.989912033081055,16.32548713684082,16.107789993286133,-0.00433957576751709
1903150040934337280,339.3042612129714,34.333305947947444,-2.8301178630152517,-1.8601996518988084,17.507583618164062,18.36516571044922,17.70398712158203,17.301416397094727,16.912715911865234,17.95734405517578,17.48847007751465,17.32424545288086,-0.025760769844055176
1903151930719942784,339.3907525077968,34.39797972348877,1.263740669889085,-4.028610508060458,13.599223136901855,14.350739479064941,13.760281562805176,13.408146858215332,13.051270484924316,13.984795570373535,13.588810920715332,13.452108383178711,-0.0015419721603393555
1903906328838635520,339.15145040007974,34.51662587754915,-3.464825860354126,-5.398491818165903,17.330568313598633,18.239715576171875,17.534866333007812,17.123783111572266,16.6988582611084,17.822851181030273,17.31843376159668,17.113372802734375,-0.007570743560791016
1903907948043642496,339.1809646762129,34.54759997559671,-14.078314333529374,-8.601237285934037,16.279314041137695,17.106613159179688,16.46750831604004,16.070758819580078,15.674627304077148,16.728282928466797,16.261079788208008,16.084003448486328,0.0021570920944213867
1903908051122682752,339.15237337110517,34.54426794498831,-9.873411732820774,-6.8708640056593495,16.969703674316406,17.88664436340332,17.17935562133789,16.76384162902832,16.342565536499023,17.467050552368164,16.962392807006836,16.755332946777344,-0.002680063247680664
1903909013195525248,339.15425156467535,34.58958462783716,-5.228283856294321,-3.3717850375089506,17.087360382080078,18.044679641723633,17.27100372314453,16.851852416992188,16.449644088745117,17.60334014892578,17.044431686401367,16.862470626831055,-0.008373856544494629
1903156466205385728,339.3232413510263,34.5040253049581,-1.517805760886092,0.050447107059816636,13.97198486328125,14.75882339477539,14.129903793334961,13.771150588989258,13.417202949523926,14.376315116882324,13.95146369934082,13.816421508789062,-0.0030968189239501953
1903163716110204032,339.43912092739845,34.4110951871955,-0.8320800730028584,-10.05844352946603,17.281932830810547,18.114229202270508,17.472625732421875,17.07024574279785,16.677776336669922,17.741640090942383,17.25843048095703,17.090373992919922,0.0003432035446166992
1903164197146722560,339.50707822623775,34.44131947945938,-12.100542010026462,-6.014516120903593,15.149918556213379,16.160022735595703,15.374724388122559,14.92212200164795,14.481993675231934,15.713117599487305,15.123923301696777,14.904426574707031,-8.189678192138672e-05
1903138015025916544,339.32944038741044,34.292039214161385,-5.437582015356816,-5.980177647007693,17.52415657043457,18.88482666015625,17.870891571044922,17.257841110229492,16.729267120361328,18.342493057250977,17.48215675354004,17.177146911621094,0.0013077259063720703
1903137533989406208,339.34407327910594,34.247335426029665,3.285246339281457,5.160368562080071,15.160069465637207,16.03812599182129,15.335906982421875,14.938316345214844,14.566356658935547,15.615809440612793,15.123957633972168,14.97031021118164,-0.0032613277435302734
1903137980666179712,339.3593866778066,34.29808871862245,6.192554881551713,-7.136548386413425,14.509934425354004,15.258706092834473,14.671305656433105,14.318119049072266,13.953128814697266,14.89615249633789,14.500417709350586,14.356462478637695,-0.00048542022705078125
1903138015025917312,339.34045570695065,34.294442031712514,10.924613843147199,-5.961417228351067,16.803733825683594,18.43482780456543,17.247013092041016,16.51359748840332,15.906108856201172,17.850000381469727,16.756683349609375,16.373292922973633,0.007274150848388672
1903180483662498688,339.37470291828834,34.56769505023441,-6.660813079047448,-5.5057916236352,16.896617889404297,17.76715850830078,17.091938018798828,16.68916130065918,16.27232551574707,17.364341735839844,16.883970260620117,16.683935165405273,0.003117203712463379
1903144234138372608,339.166268486266,34.26204551087901,4.6381524869907,-0.8036762777467725,14.759498596191406,16.012380599975586,15.061345100402832,14.505099296569824,13.996027946472168,15.496600151062012,14.724658966064453,14.437901496887207,-0.0017532110214233398
1903144646455225088,339.1723816293408,34.309780973956784,-3.0084062743638578,-4.4571569538393305,17.080142974853516,17.958974838256836,17.26580810546875,16.8675537109375,16.472383499145508,17.55558204650879,17.056678771972656,16.881752014160156,-0.007333040237426758
1903148700904339328,339.12246551912745,34.36405242679796,,,15.801454544067383,16.429433822631836,15.80754280090332,15.452603340148926,15.050544738769531,16.051448822021484,15.647814750671387,15.458552360534668,0.20362472534179688
1903149422458866944,339.2189286035244,34.278555624892654,-2.2203363838754444,-3.1004401009165465,15.964978218078613,16.787351608276367,16.1492919921875,15.765069007873535,15.369823455810547,16.405214309692383,15.955742835998535,15.777524948120117,0.002118349075317383
1903148941422503552,339.0778002982533,34.37389274572533,-2.180633364922948,-8.442615072507586,16.724933624267578,17.794343948364258,16.94793128967285,16.43195343017578,15.951458930969238,17.318021774291992,16.650951385498047,16.374309539794922,0.06486892700195312
1903150659409436032,339.2062903680003,34.34298399493309,3.2470697157482684,-3.671843929951248,17.44937515258789,18.66876983642578,17.7213191986084,17.191635131835938,16.714296340942383,18.16626739501953,17.402135848999023,17.142908096313477,-0.0005617141723632812
1903151758921249152,339.34170135398483,34.38911913472531,-0.2420262332203958,-1.857912793068202,16.345577239990234,17.742589950561523,16.729631423950195,16.06706428527832,15.440702438354492,17.227685928344727,16.314029693603516,15.915051460266113,0.03699016571044922
1903152549195227392,339.32574637001846,34.41071986681888,-3.6360144417014717,-5.9524990464271275,17.37202262878418,18.58348846435547,17.643091201782227,17.119972229003906,16.628374099731445,18.056489944458008,17.33627700805664,17.060489654541016,-0.0015804767608642578
1903153820505540096,339.14686318220504,34.364777686704706,3.1193372387589813,-2.889370354829837,17.42996597290039,18.673828125,17.738128662109375,17.17107391357422,16.67384910583496,18.182594299316406,17.384693145751953,17.114439010620117,-0.018839359283447266
1903154954376712832,339.1007911404674,34.42284819143976,-7.425295686479326,-5.5951872523419866,15.283756256103516,16.02067756652832,15.439712524414062,15.097012519836426,14.748916625976562,15.658885955810547,15.27601432800293,15.144164085388184,-0.003597259521484375
1903908532159190912,339.23360162515627,34.603607516804196,0.737450606486979,-2.9642204284058327,16.757282257080078,17.77558708190918,16.985736846923828,16.48622703552246,15.970590591430664,17.317798614501953,16.71123695373535,16.402788162231445,0.08234000205993652
1903908978835787904,339.1429327477087,34.5792206896459,-1.2794635743701386,-1.6247744632699415,17.200578689575195,18.476037979125977,17.530170440673828,16.95824432373047,16.43166160583496,17.962541580200195,17.179962158203125,16.87442398071289,-0.02364528179168701
1903156496269100928,339.2819841360565,34.482236867895985,-3.4274301011416353,-5.037628248506439,17.495450973510742,18.416854858398438,17.73313331604004,17.295581817626953,16.865333557128906,18.01551628112793,17.498605728149414,17.281288146972656,-0.01579141616821289
1903155607211740032,339.155766787948,34.46939989917076,-6.799000209460837,-31.866077843189693,16.91782569885254,19.009265899658203,17.622745513916016,16.71194076538086,15.805500984191895,18.380807876586914,17.037473678588867,16.352182388305664,0.0038188695907592773
1903157531357263104,339.26492591138987,34.55061096452038,1.602439805369063,0.1508267638977327,17.15961265563965,18.318986892700195,17.436511993408203,16.920076370239258,16.44839859008789,17.81412696838379,17.130754470825195,16.8782901763916,-0.023041248321533203
1903137499629662080,339.3084472222726,34.26191348358581,12.207013653428413,1.1145614698227762,17.017017364501953,18.410520553588867,17.42024803161621,16.76569938659668,16.1712646484375,17.899465560913086,17.006471633911133,16.634944915771484,-0.007277727127075195
1903163613030992896,339.49845739883705,34.41746811561997,-2.1130412532920526,-3.407437617406485,16.610769271850586,17.365047454833984,16.778675079345703,16.418048858642578,16.059059143066406,17.00614356994629,16.594377517700195,16.46331024169922,-0.006414055824279785
1903139148897286144,339.4784784132688,34.343551759348465,3.664673672669014,-1.675664786374424,16.664735794067383,17.54392433166504,16.85514259338379,16.451683044433594,16.06211280822754,17.133617401123047,16.640056610107422,16.467241287231445,-0.0018761157989501953
1903175913817442560,339.4473227431431,34.4727689493137,-5.231135950837956,-4.66874141719469,16.085474014282227,16.990753173828125,16.285154342651367,15.870034217834473,15.467778205871582,16.573917388916016,16.064395904541016,15.876213073730469,-0.0034717321395874023
1903177460005527168,339.3923330781665,34.547956293603654,-5.604988100269166,-8.669410218782676,15.34823989868164,16.118560791015625,15.517203330993652,15.151324272155762,14.7825927734375,15.753783226013184,15.335041046142578,15.18714427947998,0.0002715587615966797
1903181170857257216,339.3117775850575,34.588430555708115,3.91972210374262,0.20241482691597215,16.294597625732422,17.573528289794922,16.575340270996094,16.025598526000977,15.540514945983887,17.030807495117188,16.24069595336914,15.974722862243652,-0.0034415721893310547
1903143512583871104,339.2089442783941,34.25580285656601,24.10723441336896,5.7194905818810575,14.725017547607422,15.775217056274414,14.952577590942383,14.4860200881958,14.053400993347168,15.306537628173828,14.686360359191895,14.472726821899414,-0.0025957822799682617
1903148151148527360,339.07021015010486,34.328935786819066,0.9035982483772044,-3.8948731382602517,16.798498153686523,17.82715606689453,17.01630973815918,16.56230354309082,16.137144088745117,17.36541748046875,16.759672164916992,16.556127548217773,-0.009883284568786621
1903150281452323200,339.2136007311409,34.29722253305169,-4.3568283688290785,-3.6246157650858826,12.757816314697266,14.22480297088623,13.09398365020752,12.497068405151367,11.928330421447754,13.625877380371094,12.734889030456543,12.386284828186035,-0.004382014274597168
1903149319379656320,339.28043870010544,34.28128973441847,-7.094447288912596,-8.773894829989558,15.522425651550293,16.54678726196289,15.759167671203613,15.298454284667969,14.833243370056152,16.095890045166016,15.503581047058105,15.263754844665527,0.002842545509338379
1903150281452322432,339.21842107435015,34.30315721798974,-5.575764173593412,-5.874453002901214,15.321770668029785,16.434045791625977,15.547605514526367,15.066255569458008,14.64013671875,15.938623428344727,15.265506744384766,15.05966854095459,-0.004583477973937988
1903150075294072704,339.3099170213493,34.34997839138946,-2.525989438769802,-7.186182622613215,15.710519790649414,17.376785278320312,16.21117401123047,15.42753791809082,14.733346939086914,16.826635360717773,15.697379112243652,15.219398498535156,0.040097713470458984
1903150178373109760,339.2049009550558,34.2848525487489,-2.4784477709303916,-10.053569806288458,17.64537239074707,19.189735412597656,18.047475814819336,17.366247177124023,16.78257179260254,18.600605010986328,17.606517791748047,17.24551010131836,-0.007841229438781738
1903150418891271936,339.2274602740637,34.32799892646901,11.003187717637921,15.068844620690918,13.744157791137695,14.614486694335938,13.930994033813477,13.53542709350586,13.139131546020508,14.210827827453613,13.726054191589355,13.550415992736816,-0.00015234947204589844
1903151823344525440,339.392875334458,34.3726622744808,-6.231160244738754,-7.871169936704954,17.444124221801758,18.115795135498047,17.600746154785156,17.2634334564209,16.9112491607666,17.7847843170166,17.436620712280273,17.3123779296875,-0.007131814956665039
1903899117590720768,339.03396942340135,34.36357032380793,-6.00479496655925,-4.15208336855842,13.604896545410156,14.295934677124023,13.746233940124512,13.420831680297852,13.096994400024414,13.9497652053833,13.593255043029785,13.489248275756836,-0.002935171127319336
1903900010943911680,339.03206930441394,34.446549960447875,-8.837171971175225,-8.127731711866058,17.186885833740234,18.574491500854492,17.529190063476562,16.918703079223633,16.380691528320312,18.032176971435547,17.14680290222168,16.830463409423828,-0.016619563102722168
1903908222921546240,339.1568946357539,34.5654060812616,-1.3494702934895446,-4.6873258035240895,15.530996322631836,16.50874137878418,15.729662895202637,15.292471885681152,14.893715858459473,16.056821823120117,15.483997344970703,15.305084228515625,-0.0022794008255004883
1903155779010622592,339.257940936767,34.441031998131365,0.5173914419010052,-2.8041435815293703,15.826040267944336,16.82509994506836,16.024311065673828,15.569201469421387,15.155232429504395,16.365379333496094,15.766648292541504,15.567851066589355,0.03210484981536865
1903156706723726976,339.2934037757708,34.52723095643419,2.237758529901785,-6.6028622708955425,16.395896911621094,17.248844146728516,16.58650779724121,16.19186782836914,15.793120384216309,16.853971481323242,16.38431167602539,16.199663162231445,-0.0001595020294189453
1903157565717002496,339.28095753504164,34.552148461310686,-2.378451101899461,-3.0776256243639173,16.835430145263672,17.596826553344727,17.008588790893555,16.648086547851562,16.2810115814209,17.228105545043945,16.830333709716797,16.682662963867188,-0.007333040237426758
1903157084680669696,339.2020549201547,34.49341105995381,-10.412736199159795,-12.181378140884888,15.540243148803711,16.373390197753906,15.716001510620117,15.331124305725098,14.954222679138184,15.978333473205566,15.516777992248535,15.360906600952148,-0.0017606019973754883
1903137877586782208,339.3127338466504,34.27999829783189,-5.632993425919469,-2.3156096997572417,16.410961151123047,17.411205291748047,16.63243865966797,16.186010360717773,15.744202613830566,16.9639835357666,16.387603759765625,16.166166305541992,-0.006882071495056152
1903137808867307904,339.32592046071176,34.26496394279507,4.798271138476466,-1.2087113280379453,15.646209716796875,16.604719161987305,15.846435546875,15.422039031982422,15.005021095275879,16.164382934570312,15.618717193603516,15.41857624053955,-0.0016040802001953125
1903138977098594688,339.43950054920987,34.3227221108862,0.7399288225886113,-6.563189726342471,16.469709396362305,17.546743392944336,16.709720611572266,16.238012313842773,15.775106430053711,17.07499885559082,16.442052841186523,16.207443237304688,-0.012838602066040039
1903176738451028736,339.41703922953667,34.50130139194962,1.8470612277961158,-3.4534937759937057,16.29656219482422,17.31526756286621,16.51626205444336,16.059837341308594,15.620535850524902,16.863271713256836,16.26097869873047,16.04235076904297,-0.0011614561080932617
1903143512583869824,339.1983811897348,34.2551377495576,-3.7635895350257087,-7.301992394884152,15.457731246948242,16.565889358520508,15.679832458496094,15.207080841064453,14.783682823181152,16.07067108154297,15.405426025390625,15.202061653137207,-0.009097933769226074
1903180002626166656,339.36143766848636,34.53278326577381,-3.5786678272097623,-0.6028476963009788,17.360271453857422,18.281410217285156,17.56564712524414,17.14291763305664,16.7353572845459,17.86410903930664,17.33915901184082,17.143888473510742,-0.012384176254272461
1903180964698832896,339.2997140630448,34.55301570516323,0.9432891344808803,-4.958877319823434,17.235551834106445,18.712785720825195,17.640424728393555,16.9533634185791,16.384296417236328,18.176542282104492,17.192562103271484,16.835329055786133,-0.00997781753540039
1903148426026431232,339.0521308988015,34.34184028377005,-5.729778112184925,-5.194764343893877,15.922414779663086,17.146961212158203,16.20858383178711,15.672932624816895,15.167108535766602,16.638809204101562,15.89240550994873,15.605619430541992,-0.0002409219741821289
1903150109653812480,339.2996388999754,34.34070837866972,-3.0238272380103086,-0.8715475599144025,15.9537992477417,16.9194278717041,16.155357360839844,15.720998764038086,15.310331344604492,16.481441497802734,15.915658950805664,15.725489616394043,0.001620173454284668
1903150556330223232,339.19335069053557,34.3237770745996,1.464678973990841,-3.336376640958332,16.752992630004883,17.83876609802246,16.99250602722168,16.513456344604492,16.05335807800293,17.36680793762207,16.719491958618164,16.484703063964844,-0.002174973487854004
1903152136878370176,339.38216475478737,34.41425648654891,5.423794522955625,-3.358088891887182,14.42422866821289,15.266999244689941,14.602157592773438,14.21200180053711,13.82463550567627,14.866229057312012,14.401599884033203,14.232229232788086,0.0037469863891601562
1903152033799158144,339.400800913448,34.40069935223223,-6.150092279278718,-23.337274772349748,15.834691047668457,17.028411865234375,16.115447998046875,15.581759452819824,15.094735145568848,16.527557373046875,15.7953462600708,15.528019905090332,-0.004704594612121582
1903152102519385472,339.3669009110963,34.40307581909449,2.0465605018615456,-1.1351752589666424,16.539430618286133,18.747447967529297,17.286075592041016,16.334074020385742,15.39376449584961,18.08345603942871,16.668458938598633,15.952767372131348,0.01358485221862793
1903153167670509312,339.3645771952675,34.47197492432027,4.888131782903904,-0.19241262153849517,14.399307250976562,15.38963508605957,14.594403266906738,14.157607078552246,13.76793384552002,14.930929183959961,14.347431182861328,14.178069114685059,-0.005321502685546875
1903152961512086656,339.3620940051474,34.433541679036566,-1.1125630250432026,-5.651194535066362,17.403959274291992,18.37349510192871,17.606029510498047,17.19386863708496,16.753662109375,17.923946380615234,17.390146255493164,17.17934799194336,-0.015854954719543457
1903153167670509440,339.3685480025541,34.47227641590937,-1.0091461450994088,-3.417697377810674,17.381641387939453,18.24943733215332,17.575265884399414,17.14067840576172,16.745994567871094,17.861223220825195,17.326295852661133,17.163965225219727,0.23450469970703125
1903154262884893056,339.23099437291484,34.42663907835531,-6.451895575833931,-5.548197883227217,17.443607330322266,18.93617820739746,17.83747100830078,17.18890953063965,16.586292266845703,18.37342071533203,17.43040657043457,17.05314064025879,-0.016807913780212402
1903154198462480640,339.25244447310723,34.405273373934584,-1.50242726742659,-2.4236459791415643,15.431173324584961,16.345294952392578,15.626516342163086,15.21906852722168,14.8131742477417,15.920557022094727,15.410879135131836,15.225930213928223,-0.015786409378051758
1903900010943911552,339.03424295530516,34.45064034565479,-13.974673852797615,-9.798277815868849,11.874101638793945,12.58475112915039,12.015779495239258,11.682733535766602,11.35953140258789,12.22709846496582,11.85616397857666,11.750824928283691,-0.001956343650817871
1903906294482285568,339.1388894198922,34.501429877215195,-0.6335143828120322,-15.320621721526472,12.582386016845703,13.29045581817627,12.731536865234375,12.394904136657715,12.056756019592285,12.938872337341309,12.571852684020996,12.451411247253418,0.0032830238342285156
1903908257281284096,339.17613168321327,34.57736367268687,-3.963304830227352,-4.151409488768802,16.945720672607422,17.923675537109375,17.159215927124023,16.721235275268555,16.30476951599121,17.48720359802246,16.92068862915039,16.714935302734375,-0.008580803871154785
1903156328766432384,339.29924314861574,34.49311043595724,-6.216943235922235,-1.0978707584424061,16.789472579956055,18.058448791503906,17.106117248535156,16.526887893676758,16.007673263549805,17.558856964111328,16.749847412109375,16.449047088623047,-0.0034760236740112305
1903156912881981952,339.24573802836983,34.487672874810826,-2.251717229224099,-5.871646574949945,17.102746963500977,18.215290069580078,17.34507179260254,16.867536544799805,16.40837860107422,17.724809646606445,17.0718994140625,16.836366653442383,-0.006168723106384277
1903156638004253824,339.3028848569381,34.51129871668439,-5.792439857490087,-6.363670439022871,16.062246322631836,16.92348861694336,16.242610931396484,15.844152450561523,15.464698791503906,16.518327713012695,16.030183792114258,15.871896743774414,0.0025986433029174805
1903138358623311616,339.40313832322465,34.26301047197279,10.984424787878273,9.837841707698642,12.784621238708496,13.740459442138672,12.998866081237793,12.56223201751709,12.146031379699707,13.307822227478027,12.758484840393066,12.56093978881836,-0.002882719039916992
1903163441232303488,339.46614227984975,34.38721063089271,1.000513734024007,-9.24417134051783,17.49049949645996,18.677776336669922,17.77006721496582,17.267210006713867,16.778018951416016,18.170536041259766,17.482975006103516,17.210935592651367,-0.02157759666442871
1903137224751759616,339.3226600505783,34.24326647188551,12.94933713588894,1.455308759340228,14.746101379394531,16.783653259277344,15.399972915649414,14.47103214263916,13.568588256835938,16.134279251098633,14.807478904724121,14.105877876281738,0.1069713830947876
1903139458134927744,339.3693440999585,34.31196067660754,-0.5539340730920621,-4.511354737826965,16.433006286621094,17.257946014404297,16.606367111206055,16.212337493896484,15.82107925415039,16.864425659179688,16.401981353759766,16.2311954498291,0.007281064987182617
1903147807551146624,339.11081010442274,34.3298159678522,-6.752993145837311,-5.524619839652882,15.536730766296387,16.447528839111328,15.723827362060547,15.315317153930664,14.924199104309082,16.023704528808594,15.505069732666016,15.334003448486328,-0.004712581634521484
1903147910630359168,339.1136038838346,34.34373433836147,1.6915334094585446,-16.33282115003203,15.897124290466309,17.867734909057617,16.493650436401367,15.629980087280273,14.878776550292969,17.233259201049805,15.914644241333008,15.381011962890625,-0.004998207092285156
1903148219868002560,339.05508472460593,34.33273317329846,-0.025982083020524627,-1.489558538910404,15.914457321166992,16.886194229125977,16.112913131713867,15.688152313232422,15.286893844604492,16.440420150756836,15.882326126098633,15.699066162109375,-0.010093212127685547
1903148838343288960,339.06533723595055,34.36395158376122,-0.2913333407871129,-1.2800447280048854,17.031688690185547,18.223848342895508,17.328533172607422,16.791913986206055,16.2919921875,17.734203338623047,17.009326934814453,16.730518341064453,-0.01592075824737549
1903150521970485504,339.18969904420106,34.31822138461524,-5.48954067627709,-8.93835535369648,17.524044036865234,18.727516174316406,17.826263427734375,17.275558471679688,16.780364990234375,18.2358455657959,17.487342834472656,17.221860885620117,-0.01646113395690918
1903150075294073344,339.3089204139172,34.347833713902226,-2.335321921410146,-7.418424066678322,14.906566619873047,16.111618041992188,15.178706169128418,14.644593238830566,14.179591178894043,15.598983764648438,14.854560852050781,14.609074592590332,-0.0021691322326660156
1903151346604396672,339.339738367148,34.33852503146146,1.267580943460658,-0.5089632396146301,15.821574211120605,16.57784080505371,15.987770080566406,15.6246337890625,15.259186744689941,16.21944236755371,15.807491302490234,15.663092613220215,0.007514476776123047
1903151965079683712,339.41545172668344,34.39518835086208,-3.223850572211653,-4.106115674820502,14.666179656982422,16.092540740966797,14.987678527832031,14.397323608398438,13.855533599853516,15.502685546875,14.627350807189941,14.306968688964844,-0.003622889518737793
1903152132582214912,339.3825001573069,34.40484569178161,-4.882751989350359,-5.846383127560678,16.7409725189209,18.000003814697266,17.032140731811523,16.469472885131836,15.989712715148926,17.476430892944336,16.680723190307617,16.42594337463379,-0.007924556732177734
1903899667346533504,339.0793202577958,34.40855765551218,-3.2529042592925186,-5.004483381181721,15.553812026977539,16.361059188842773,15.721373558044434,15.347015380859375,14.981120109558105,15.972787857055664,15.530278205871582,15.385878562927246,-0.0008289813995361328
1903907776244951424,339.17524696752037,34.52798948836881,-3.335970829817781,-1.3126936987633786,15.362488746643066,16.18437385559082,15.528120994567871,15.152008056640625,14.78911018371582,15.790888786315918,15.334339141845703,15.19212532043457,-0.001931309700012207
1903156019528788480,339.22994111362794,34.453403834617895,8.046188668615597,-8.455513102954656,16.167333602905273,18.065418243408203,16.73454475402832,15.901025772094727,15.167458534240723,17.452045440673828,16.179889678955078,15.665450096130371,-0.0043087005615234375
1903156328766434432,339.30102100686855,34.480494932077015,-0.5571132857497121,-4.269766007113695,15.539820671081543,16.40823745727539,15.72517204284668,15.3255033493042,14.933176040649414,16.005718231201172,15.515987396240234,15.344948768615723,-0.0006022453308105469
1903156706723550336,339.2883332030974,34.51462111068967,-5.53940551641994,-1.110516931933681,16.214561462402344,18.30422019958496,16.85240936279297,15.962616920471191,15.15328311920166,17.64863395690918,16.2601375579834,15.670085906982422,-0.006430387496948242
1903157668796212608,339.2228909754684,34.55362966615701,14.093421812851526,-2.00462393144364,15.349438667297363,16.544963836669922,15.627622604370117,15.09311580657959,14.609837532043457,16.044355392456055,15.307278633117676,15.04313850402832,-0.0006864070892333984
1903136812435085184,339.3671742949528,34.24681610203024,-0.7120041796459479,-4.945472618026335,15.617289543151855,16.586994171142578,15.815922737121582,15.387260437011719,14.988537788391113,16.13909149169922,15.579465866088867,15.3982572555542,-0.006623029708862305
1903139664293353856,339.3767294892955,34.34057771071005,-6.356762614755125,-8.911526889927368,15.13245677947998,16.577579498291016,15.501349449157715,14.857375144958496,14.308370590209961,16.022804260253906,15.089510917663574,14.757282257080078,-0.00399017333984375
1903180036985902976,339.3799069773442,34.55231032943989,-7.087386217268826,-2.958893662633625,15.794926643371582,16.628376007080078,15.972243309020996,15.584395408630371,15.197068214416504,16.236988067626953,15.773158073425293,15.600851058959961,0.0004942417144775391
1903144371577506304,339.19802228685063,34.286677758494235,-3.2701953326455593,-3.265011196775814,16.003711700439453,17.124948501586914,16.254032135009766,15.766345024108887,15.302929878234863,16.639646530151367,15.975179672241211,15.72664737701416,-0.010630965232849121
1903175707658887936,339.46163437177563,34.46999699363961,6.495291113456596,0.14186533818352615,17.465559005737305,18.37947654724121,17.675138473510742,17.25891876220703,16.841291427612305,17.973047256469727,17.451921463012695,17.264150619506836,-0.02107536792755127
1903148597825124736,339.06909835890735,34.33744512166169,-8.627035348507432,6.646537572702016,13.664594650268555,14.525055885314941,13.850805282592773,13.456459045410156,13.064802169799805,14.123117446899414,13.645890235900879,13.47492504119873,-0.0008484125137329102
1903149800416173952,339.3375371056962,34.31503559845398,-5.512011756617418,-5.371011425248819,16.002979278564453,17.086753845214844,16.242372512817383,15.757058143615723,15.312751770019531,16.61336898803711,15.961009979248047,15.73399543762207,-0.003512144088745117
1903152686634177920,339.29665981998016,34.410665599836435,-1.5540971289136745,-3.1414353503999064,17.060094833374023,18.186893463134766,17.320966720581055,16.822633743286133,16.355655670166016,17.692474365234375,17.0312557220459,16.783214569091797,-0.007519125938415527
1903152858432863744,339.2853217059301,34.43665812886239,2.7758403867141834,-1.7875215010473937,13.917279243469238,14.703279495239258,14.087517738342285,13.718525886535645,13.349153518676758,14.32656192779541,13.901442527770996,13.753677368164062,-0.0006309747695922852
1903152583554965888,339.3205082345274,34.40781386456508,-1.1990190040548274,4.557334746509149,16.38605499267578,17.49041748046875,16.62851905822754,16.1452693939209,15.692953109741211,17.004737854003906,16.351911544799805,16.11651039123535,-0.008929729461669922
1903153889224834432,339.1765474963604,34.378714936570724,-2.666024720585183,-1.7011459376617841,13.218240737915039,14.196671485900879,13.415690422058105,12.985457420349121,12.58347225189209,13.747601509094238,13.178276062011719,12.995645523071289,-0.0030213594436645508
1903153957944309760,339.16035775460796,34.38008030934143,0.2578529752717999,-3.233777271122838,14.8007230758667,15.932817459106445,15.047203063964844,14.558085441589355,14.088630676269531,15.440869331359863,14.768166542053223,14.516606330871582,-0.0020744800567626953
1903154438980643840,339.2169887588655,34.42243643285049,3.1503362898887253,5.579927455211047,15.67111587524414,16.71211814880371,15.889819145202637,15.427961349487305,15.001078605651855,16.245424270629883,15.62730598449707,15.4178466796875,0.0011829137802124023
1903155091815665792,339.1308164955059,34.44266021440519,-8.415933590995797,-3.8244503732788804,17.117298126220703,18.23652458190918,17.381332397460938,16.882856369018555,16.414031982421875,17.74824333190918,17.092567443847656,16.842975616455078,-0.017952561378479004
1903899907864698624,339.03530083453626,34.42806100643007,-2.957825380138896,-1.3620720408194953,15.828008651733398,16.8644962310791,16.051239013671875,15.594440460205078,15.163383483886719,16.39703369140625,15.793743133544922,15.582829475402832,-0.002383112907409668
1903907295208435072,339.0735378388403,34.5322692342653,2.1292914435471175,-3.6942963827086874,16.12649154663086,17.399587631225586,16.412694931030273,15.853365898132324,15.355610847473145,16.86944007873535,16.07356071472168,15.789936065673828,0.008419394493103027
1903905749020221696,339.10085418033157,34.45481833080977,-16.292163200029247,-17.179245349475163,14.677117347717285,15.51988697052002,14.858851432800293,14.4705810546875,14.081524848937988,15.128654479980469,14.65963077545166,14.489325523376465,8.58306884765625e-05
1903907329568175488,339.1029255774435,34.52811756153577,-9.102362136601402,-5.882113594331012,13.640161514282227,14.30855655670166,13.776053428649902,13.456088066101074,13.136284828186035,13.970503807067871,13.627573013305664,13.527856826782227,-0.0002899169921875
1903155675931412096,339.2563323301122,34.41350349631617,-12.189055794318026,-12.71237498776981,17.542879104614258,18.68157196044922,17.876617431640625,17.171663284301758,16.582128524780273,18.30588722229004,17.42140007019043,17.033994674682617,0.3333936929702759
1903163475592041600,339.48678289508865,34.39688748231891,9.51838303025613,0.19368057779854997,16.718355178833008,17.61240005493164,16.91193962097168,16.50981330871582,16.099416732788086,17.202285766601562,16.70396614074707,16.512147903442383,-0.004907727241516113
1903137357893454592,339.2734410703039,34.23639893405667,-14.192638569941662,-15.735627791836194,17.305376052856445,18.77763557434082,17.7049617767334,17.047082901000977,16.450420379638672,18.241880416870117,17.284517288208008,16.920015335083008,-0.008930802345275879
1903137533989408512,339.34963028587185,34.2376528519023,11.755980993530432,-12.364242677041467,15.034049987792969,16.613513946533203,15.45241928100586,14.749086380004883,14.167688369750977,16.041324615478516,14.988754272460938,14.62447738647461,-0.00701594352722168
1903139183257026048,339.38803923213135,34.294897667543175,1.7826563856559279,3.359391600282958,14.59079647064209,15.329000473022461,14.747356414794922,14.39989185333252,14.041848182678223,14.967324256896973,14.58005142211914,14.443280220031738,0.0011821985244750977
1903177150768069376,339.44235630386066,34.520835846423694,10.950846997558054,7.451746671339213,15.617854118347168,16.741703033447266,15.885350227355957,15.380586624145508,14.89582347869873,16.26578140258789,15.594422340393066,15.330485343933105,-0.0044182538986206055
1903139801732490880,339.4181753071921,34.33961895978215,-1.6861350636888512,-5.297561213948099,16.18704605102539,17.112516403198242,16.416244506835938,15.995230674743652,15.582050323486328,16.70463752746582,16.194799423217773,15.992448806762695,0.000786900520324707
1903151484043347456,339.3559044144091,34.36551674031557,2.1075521112478697,-2.0824443018104133,17.231998443603516,18.390348434448242,17.493913650512695,16.99039649963379,16.532337188720703,17.88680648803711,17.19660186767578,16.95327377319336,-0.022230148315429688
1903151655842035968,339.3286481874503,34.369639486100716,6.604385596790562,5.048578518775465,13.142447471618652,14.46052074432373,13.430490493774414,12.879308700561523,12.378549575805664,13.901013374328613,13.097891807556152,12.817882537841797,-0.005212903022766113
1903151655842034560,339.32685631771403,34.379985235787494,6.608062973163865,4.996854458509295,15.70892333984375,16.808544158935547,15.941472053527832,15.462762832641602,15.027396202087402,16.316221237182617,15.664730072021484,15.44642448425293,-0.006097674369812012
1903151896360205184,339.3779671376889,34.38660789649036,-9.191658304719017,-6.297817238937869,15.141048431396484,15.888050079345703,15.298978805541992,14.949995040893555,14.58804702758789,15.522339820861816,15.132059097290039,14.990157127380371,0.0005114078521728516
1903153339469200384,339.3445255195659,34.46610701670989,2.395435828257839,-4.215294014874747,13.409761428833008,14.135947227478027,13.558394432067871,13.217391967773438,12.881467819213867,13.774293899536133,13.393840789794922,13.2756986618042,-0.001404404640197754
1903153167670510720,339.37176826984626,34.46721502610706,5.014685324468172,-12.359102233109283,17.122373580932617,17.974693298339844,17.253110885620117,16.829973220825195,16.372589111328125,17.552167892456055,17.037845611572266,16.794479370117188,0.10773801803588867
1903153648706669440,339.20101973018694,34.36765076827318,0.5501936966021936,-1.1173929641524576,16.325786590576172,17.231861114501953,16.525691986083984,16.10749626159668,15.685246467590332,16.812782287597656,16.30364990234375,16.102489471435547,0.027744650840759277
1903899529907580672,339.0433151546244,34.388892819272044,-2.792286593737662,-12.704025330057814,15.672922134399414,16.48635482788086,15.87058162689209,15.478449821472168,15.067440032958984,16.12137794494629,15.671878814697266,15.481693267822266,0.0013359785079956055
1903899495547842688,339.03779496393145,34.3663524837374,2.6097596881729253,-0.9081518002394704,16.01932144165039,17.16307830810547,16.253084182739258,15.765422821044922,15.328628540039062,16.656274795532227,15.966815948486328,15.75184154510498,-0.013054966926574707
1903906573651817856,339.11768733710096,34.52930284112031,4.6455645873160085,1.2279376587580964,16.292890548706055,17.015195846557617,16.45044708251953,15.997928619384766,15.602803230285645,16.719972610473633,16.193632125854492,16.015155792236328,0.3357774019241333
1903905577221531008,339.091375285634,34.43332003700697,4.37149652808463,-1.7536198825397964,14.911799430847168,15.872353553771973,15.121840476989746,14.693353652954102,14.257155418395996,15.43601131439209,14.892399787902832,14.680024147033691,0.0007634162902832031
1903906126977342336,339.12747324528664,34.47629372670508,-2.477758334553874,3.89527784854753,16.749330520629883,18.202497482299805,17.083740234375,16.48015594482422,15.961224555969238,17.610132217407227,16.704681396484375,16.404834747314453,-0.023025035858154297
1903907948043641984,339.17620467902697,34.54949425924457,-1.2449855003511525,-0.9283518694001559,17.560943603515625,18.392684936523438,17.756977081298828,17.35039520263672,16.9478702545166,18.02057456970215,17.53959083557129,17.366207122802734,-0.0030847787857055664
1903156775443029760,339.2203716723341,34.47032228201531,-6.636375468879061,2.849381604310259,17.427183151245117,18.758817672729492,17.77448272705078,17.173160552978516,16.640932083129883,18.232574462890625,17.40259552001953,17.082157135009766,-0.010481476783752441
1903163887908892800,339.47327774491976,34.44904702055219,-7.555502759413632,-5.339313934628334,16.246326446533203,17.209131240844727,16.448392868041992,16.02745819091797,15.619524002075195,16.766952514648438,16.218769073486328,16.035768508911133,-0.009558796882629395
1903139110241284224,339.46158078074865,34.34139118513865,1.0793169766088937,-2.3975483762538703,17.11009979248047,18.1282901763916,17.366283416748047,16.89725112915039,16.410404205322266,17.70335578918457,17.109458923339844,16.8416690826416,-0.0014551877975463867
1903139080177808640,339.4899630115365,34.350995587154884,-4.996479849750329,-0.8329805366379487,15.902347564697266,16.757003784179688,16.07762908935547,15.69186019897461,15.316795349121094,16.353736877441406,15.877885818481445,15.722689628601074,-0.008230090141296387
1903139629933617408,339.40018193039305,34.341609594643984,-6.906037994525035,-13.636165849331302,16.551774978637695,18.087528228759766,16.96552085876465,16.27910614013672,15.691522598266602,17.524229049682617,16.518341064453125,16.15146255493164,-0.01128077507019043
1903139526854402432,339.3564489853395,34.32181414741738,1.3120178335508879,-3.8204051019975322,16.881736755371094,17.86042594909668,17.09145164489746,16.668418884277344,16.237472534179688,17.406496047973633,16.86461067199707,16.659141540527344,-0.008104085922241211
1903181377015684352,339.3022500791471,34.61203522237381,-1.0213892198641363,-1.135783372906367,17.25825309753418,18.18433380126953,17.447402954101562,17.04256820678711,16.647470474243164,17.751697540283203,17.2322998046875,17.053224563598633,-0.018895268440246582
1903175501500460800,339.4406550183327,34.437441494617424,,,15.729636192321777,16.65287208557129,15.801445007324219,15.333673477172852,14.863685607910156,16.173030853271484,15.550827980041504,15.284122467041016,0.20535767078399658
1903931961204548736,339.2615211203101,34.615424259970176,-0.954713680570376,-2.0697502964003256,16.491670608520508,17.334728240966797,16.675045013427734,16.288942337036133,15.889381408691406,16.94370460510254,16.475805282592773,16.300935745239258,-0.0006681680679321289
1903150350171799680,339.25278966798356,34.315880473276785,-6.776083185327354,-2.7037116433957564,15.921067237854004,16.982742309570312,16.138559341430664,15.676976203918457,15.24640941619873,16.501750946044922,15.87886905670166,15.665016174316406,-0.0005856752395629883
1903151140445770112,339.25967437389414,34.384638998199634,-2.445197436280261,0.9191900535243869,17.477771759033203,18.495027542114258,17.7164306640625,17.25094985961914,16.803686141967773,18.047204971313477,17.45337677001953,17.221187591552734,0.014946699142456055
1903150693769174784,339.21669798417275,34.34623898325891,-3.9829493752908123,1.713115254970173,16.62804412841797,17.49161720275879,16.820873260498047,16.41744613647461,16.018964767456055,17.09326934814453,16.6099853515625,16.430953979492188,-0.00253140926361084
1903149731696513536,339.3047380539677,34.30604868933274,-7.867418866408235,-12.475609347234352,17.081878662109375,19.011213302612305,17.62118911743164,16.817249298095703,16.101999282836914,18.352392196655273,17.092266082763672,16.597307205200195,-0.01691138744354248
1903150865567870848,339.2757163029333,34.34717824049814,2.4520190997491857,-2.947907192916488,17.305587768554688,18.269901275634766,17.50333023071289,17.09819221496582,16.68087387084961,17.817684173583984,17.29291534423828,17.097972869873047,-0.03535044193267822
1903152411756276736,339.31082817624025,34.385356681314946,1.486732694045189,-2.331592371916943,15.73961353302002,16.45811653137207,15.89465045928955,15.551958084106445,15.20130443572998,16.102935791015625,15.730293273925781,15.599915504455566,-0.0019446611404418945
1903154748218287232,339.1510837775214,34.412700632767,30.198338360693565,32.29432833032364,16.580774307250977,17.812746047973633,16.89129066467285,16.33134651184082,15.81353759765625,17.314693450927734,16.554853439331055,16.256193161010742,-0.0036683082580566406
1903153889224835072,339.1653426133186,34.370882667287574,-3.463014243836707,-3.585945921790341,12.772456169128418,13.611980438232422,12.946089744567871,12.565613746643066,12.19455623626709,13.21120834350586,12.750262260437012,12.598734855651855,-0.0027086734771728516
1903899736066007936,339.05876424915243,34.42802735565547,-1.4778976279543963,0.32932364382168544,17.000764846801758,18.77109146118164,17.513399124145508,16.708765029907227,16.04569435119629,18.17461585998535,16.96922492980957,16.524667739868164,-0.0001285076141357422
1903907260848697216,339.06503771572835,34.52213915141565,-0.8737670327796727,-3.135158079525713,16.219961166381836,17.117008209228516,16.423765182495117,16.00193214416504,15.590548515319824,16.710115432739258,16.195295333862305,16.00461769104004,0.038754820823669434
1903909391152646784,339.16993805198865,34.599023008221394,-2.4827100350364137,-2.758619040891473,15.81930923461914,16.765256881713867,16.013124465942383,15.590591430664062,15.189284324645996,16.324722290039062,15.782858848571777,15.60241413116455,-0.003755331039428711
1903908566518941952,339.1888217344612,34.57508700574737,-3.572088526627357,-2.5433646305388544,16.723926544189453,17.576663970947266,16.89774513244629,16.510154724121094,16.129793167114258,17.171777725219727,16.69708251953125,16.53743553161621,-0.0020219087600708008
1903908154202071680,339.1704099197816,34.5490759650733,0.5597281823417323,0.11276468884136437,16.191530227661133,17.67347526550293,16.58294105529785,15.919267654418945,15.351533889770508,17.120168685913086,16.157428741455078,15.807378768920898,-0.006237626075744629
1903908910116136320,339.1204345417257,34.571314278407385,-5.327448737317947,-9.448759170408453,16.307029724121094,17.17723274230957,16.496990203857422,16.096920013427734,15.690903663635254,16.774795532226562,16.29033660888672,16.103769302368164,0.0008466243743896484
1903155297974098816,339.2068682809197,34.45835649711633,-4.829031258884859,-9.829658225268968,16.98131561279297,18.19295310974121,17.26233673095703,16.701751708984375,16.14678955078125,17.68396759033203,16.93560218811035,16.598051071166992,0.04790520668029785
1903156844162504064,339.2101636212617,34.47755536105185,1.319635713598692,-4.550926511175616,17.569231033325195,18.403076171875,17.740419387817383,17.37257194519043,16.985002517700195,18.004409790039062,17.560407638549805,17.3890323638916,-0.013490676879882812
1903137499629661184,339.30076996624604,34.26478287120217,5.040867749629165,-3.6773930116939773,14.178220748901367,15.269952774047852,14.403430938720703,13.916330337524414,13.46894645690918,14.785896301269531,14.120890617370605,13.891518592834473,0.013529300689697266
1903163853549156224,339.458540942493,34.43053963064505,-3.819959372957041,1.1841578354868094,15.675341606140137,16.602750778198242,15.875509262084961,15.45729923248291,15.055344581604004,16.17414665222168,15.650880813598633,15.46609878540039,-0.00792992115020752
1903137770210732928,339.37464532167076,34.28574821405786,7.698488403022302,-2.317981248086038,13.041412353515625,13.872371673583984,13.214632987976074,12.821961402893066,12.455835342407227,13.476129531860352,13.00609016418457,12.859208106994629,0.023827195167541504
1903138358623312128,339.4091241767124,34.263668112827496,-3.1511233957028137,-2.4927342705206397,16.69106101989746,17.512495040893555,16.8767032623291,16.48973846435547,16.102685928344727,17.13327407836914,16.6799373626709,16.506906509399414,-0.002055048942565918
1903175570219937280,339.43245064242706,34.43544116945232,-0.5814396519104448,-2.512020572341755,17.057096481323242,17.893661499023438,17.247102737426758,16.86193084716797,16.461429595947266,17.50055503845215,17.05046272277832,16.865419387817383,-0.002267003059387207
1903143237705970176,339.2251179532945,34.219614399219935,-13.819178502879776,-11.60237674448098,15.481322288513184,16.56706428527832,15.716981887817383,15.23715877532959,14.794296264648438,16.086410522460938,15.44033145904541,15.21574592590332,-0.00437772274017334
1903144509016274048,339.14493845606404,34.284232807053186,6.7977720679657025,-14.492042393137412,16.730501174926758,19.056041717529297,17.516132354736328,16.540746688842773,15.56348991394043,18.360715866088867,16.888935089111328,16.122928619384766,-0.0004687309265136719
1903147395234288128,339.0833093400769,34.30413154114918,-7.45796238709637,-6.285149735136889,15.028511047363281,15.999612808227539,15.225418090820312,14.796249389648438,14.397284507751465,15.552606582641602,14.988567352294922,14.808429718017578,-0.0030024051666259766
1903147498313507840,339.114148617598,34.29104490249039,10.95086784923034,-9.835775408163867,16.136737823486328,17.512798309326172,16.498945236206055,15.870562553405762,15.308952331542969,16.983951568603516,16.10202407836914,15.765052795410156,0.0010645389556884766
1903147498313508224,339.1208639364557,34.29231542600442,38.75559088641959,13.122725036602992,13.196661949157715,14.111605644226074,13.391385078430176,12.975746154785156,12.576070785522461,13.690459251403809,13.16710376739502,12.987558364868164,0.012651562690734863
1903149662977039360,339.3053152796388,34.297043041453854,-2.9518480728373127,-4.944213758852504,13.919025421142578,14.72350788116455,14.089803695678711,13.716750144958496,13.347002029418945,14.33913803100586,13.90027904510498,13.75125789642334,-0.0016883611679077148
1903150040934155136,339.2921039435521,34.33170943384594,-3.7435794184427844,-3.54767710632225,16.699630737304688,17.948766708374023,17.004287719726562,16.432588577270508,15.915404319763184,17.44652557373047,16.6530704498291,16.361772537231445,0.009576201438903809
1903152514835490944,339.3210519977051,34.39535383507791,-2.9833827374228212,-1.165532820074859,16.534751892089844,17.585525512695312,16.767248153686523,16.300907135009766,15.865360260009766,17.1179256439209,16.501930236816406,16.28542709350586,-0.012682318687438965
1903152480475750400,339.29984779726743,34.402550026649116,3.6462334071537965,-0.1653240986253149,17.052244186401367,18.279951095581055,17.34811019897461,16.79829978942871,16.29312515258789,17.77031135559082,17.015729904174805,16.731735229492188,-0.021552205085754395
1903154851297501952,339.1117957449185,34.398399921405485,11.804116603496901,4.469622180374242,16.3773193359375,17.323158264160156,16.609073638916016,16.16999053955078,15.707513809204102,16.925758361816406,16.379560470581055,16.132421493530273,0.0034564733505249023
1903906230056557312,339.1499030716141,34.48916181564283,-11.409325883947583,-7.645936401412943,13.277168273925781,14.528398513793945,13.583181381225586,13.024592399597168,12.510416030883789,14.012977600097656,13.244277000427246,12.951918601989746,-0.001098036766052246
1903906539294195968,339.14013805560256,34.53046070658814,48.4376952289384,-11.900618736995028,13.287607192993164,14.460716247558594,13.557351112365723,13.032806396484375,12.569294929504395,13.960493087768555,13.24179458618164,12.996044158935547,-0.00445401668548584
1903907398287649280,339.08866666024517,34.544273112097414,7.04739290966644,3.657616214996691,16.02474021911621,16.988893508911133,16.237634658813477,15.803442001342773,15.378852844238281,16.553260803222656,16.001066207885742,15.793521881103516,0.016300678253173828
1903908566518931200,339.19352181497686,34.57108536169595,-9.381372723193822,-3.4176439480995056,16.327922821044922,17.166828155517578,16.51766014099121,16.120744705200195,15.72204875946045,16.77652931213379,16.309505462646484,16.133792877197266,-0.004699110984802246
1903155435413050368,339.15965985891427,34.4482928624737,2.128292510576034,-2.023201018684518,16.995962142944336,18.034414291381836,17.205236434936523,16.76845932006836,16.348094940185547,17.562402725219727,16.963560104370117,16.766448974609375,-0.023274779319763184
1903156260046958464,339.30723158736424,34.4743070683636,-1.4313130345018754,-11.861753270829832,15.999836921691895,17.134380340576172,16.244861602783203,15.753314018249512,15.291882514953613,16.63723373413086,15.958762168884277,15.71845817565918,-0.004708409309387207
1903163406872565376,339.484586988601,34.39387565521127,0.4222455717040032,-2.5494307304539565,16.49675941467285,17.79846954345703,16.804834365844727,16.231693267822266,15.729265213012695,17.263545989990234,16.452465057373047,16.165300369262695,-0.0062656402587890625
1903176807170502784,339.4086995209804,34.51837089135285,0.877778670942874,-4.670927392053547,16.511667251586914,17.4112606048584,16.69951057434082,16.291234970092773,15.892176628112793,16.98970603942871,16.485597610473633,16.297338485717773,-0.0032622814178466797
1903175879457577600,339.4397818218076,34.470661369053815,-0.9573307516774562,-4.5194457818652545,17.414670944213867,18.17206382751465,17.581953048706055,17.229476928710938,16.84752655029297,17.804889678955078,17.410856246948242,17.266036987304688,-0.014259815216064453
1903177597444657024,339.41368959409925,34.569583160122285,11.994059926985974,0.5831593799652699,15.623294830322266,16.633380889892578,15.847474098205566,15.394976615905762,14.947137832641602,16.180442810058594,15.599637985229492,15.370811462402344,-0.00035822391510009766
1903177391286054656,339.4108563620894,34.52752403242336,-3.8027246857887858,-0.4019084981258086,16.77470588684082,18.15041160583496,17.10601043701172,16.50071144104004,15.972590446472168,17.603633880615234,16.72574234008789,16.419837951660156,-0.010545849800109863
1903140110969949568,339.4033318648081,34.3731024822646,-1.7953248972403884,-4.1092017215374135,15.913867950439453,16.72663116455078,16.09551429748535,15.71444034576416,15.325008392333984,16.339677810668945,15.903732299804688,15.731189727783203,-0.002347588539123535
1903139733012837376,339.4428694124777,34.33198145264386,-17.133025382336598,-10.788248615983814,16.60399627685547,17.749544143676758,16.88121223449707,16.360034942626953,15.884366035461426,17.26803207397461,16.568944931030273,16.317337036132812,-0.005110740661621094
1903140110969950208,339.40690426682534,34.36923887360726,-2.3521930199197287,-1.1437594963395774,17.213176727294922,17.947643280029297,17.362699508666992,17.025659561157227,16.664026260375977,17.584531784057617,17.206148147583008,17.06801986694336,-0.010377764701843262
1903179865187214080,339.33895138692736,34.512324646105654,0.8603112933088404,-3.5987197622519562,11.743239402770996,13.098398208618164,12.04024600982666,11.483713150024414,10.958436965942383,12.526320457458496,11.709539413452148,11.403985023498535,-0.0034638643264770508
1903181239576732544,339.2714502710149,34.58031321219789,-4.985164449885924,-5.916180913501208,16.53234100341797,17.301904678344727,16.71371078491211,16.335006713867188,15.963974952697754,16.94181251525879,16.520572662353516,16.36471176147461,-0.00860142707824707
1903149078861493632,339.26144283996246,34.23306407389384,0.8965133665687615,1.7543769684503423,16.939058303833008,18.381399154663086,17.280248641967773,16.6614933013916,16.136024475097656,17.808515548706055,16.884654998779297,16.578357696533203,-0.008455872535705566
1903148872703026944,339.04921840265143,34.35928129703168,-7.462197199899968,-6.072097772699211,16.36372947692871,17.3126277923584,16.557289123535156,16.1407470703125,15.742725372314453,16.87505340576172,16.332170486450195,16.151840209960938,-0.008187532424926758
1903150590689962112,339.2105956282221,34.328509616190345,5.914040009582965,-3.8502726671888987,17.272083282470703,19.271854400634766,17.91136360168457,17.03886604309082,16.214399337768555,18.639476776123047,17.3418025970459,16.735246658325195,0.002213120460510254
1903151071726294784,339.2315571191263,34.36335312060624,2.5171510724796633,-2.19998451209846,16.41031837463379,17.46419906616211,16.62492561340332,16.15050506591797,15.684048652648926,16.986286163330078,16.359394073486328,16.110918045043945,0.0317842960357666
1903152411756275584,339.30627427378744,34.39021513343846,-4.144752561528492,-5.923452054099355,15.857803344726562,16.654142379760742,15.98585033416748,15.583273887634277,15.134740829467773,16.24269676208496,15.796036720275879,15.54521369934082,0.12392234802246094
1903152961512265472,339.3551067182741,34.435102004610684,-9.707454705874731,-3.510161583013849,16.857501983642578,19.060321807861328,17.534608840942383,16.620731353759766,15.7859525680542,18.364831924438477,16.925233840942383,16.309717178344727,-0.023523926734924316
1903153579987191552,339.1639719776154,34.35663238611213,-7.168205176184038,-11.307180787548305,16.467334747314453,17.716310501098633,16.74923324584961,16.20366859436035,15.723204612731934,17.19158363342285,16.416839599609375,16.15422821044922,-0.008257389068603516
1903154816937762560,339.1423620968645,34.42256958914162,-4.649591004783898,-2.3972095400004294,17.568750381469727,18.596019744873047,17.777875900268555,17.346607208251953,16.913890838623047,18.131797790527344,17.54702377319336,17.33673858642578,-0.0029647350311279297
1903155297974097920,339.1960567176033,34.458421209013835,3.1729822704247344,-4.646858854614501,17.07316017150879,17.751543045043945,17.23641586303711,16.908191680908203,16.539081573486328,17.42793083190918,17.089252471923828,16.942167282104492,-0.004024863243103027
1903156156967739392,339.2402799694542,34.475893268894914,-31.08466643385627,-36.76673001982749,13.14371109008789,14.395244598388672,13.45424747467041,12.892688751220703,12.365179061889648,13.88514232635498,13.115653991699219,12.811223030090332,0.0017995834350585938
1903176635371815936,339.37538765898,34.469594350825695,0.9690768906574619,-5.481970893520449,13.98963737487793,14.858643531799316,14.166655540466309,13.77700138092041,13.400674819946289,14.446551322937012,13.963112831115723,13.804725646972656,-0.004789113998413086
1903177421349843200,339.42825369266365,34.54352067896413,-1.4558481732367996,-4.878203702950835,17.474824905395508,18.203773498535156,17.6546573638916,17.29322052001953,16.92644500732422,17.86318588256836,17.475555419921875,17.325584411621094,-0.016577601432800293
1903139251976503424,339.38089259462424,34.2886787671137,-10.207905715486854,-22.564757531345816,14.490254402160645,15.54188346862793,14.71941089630127,14.253170013427734,13.80767822265625,15.071267127990723,14.454962730407715,14.232964515686035,-0.0004038810729980469
1903177425645969024,339.4180031427568,34.54805060017271,-0.6858946242177222,-0.5774988974955156,17.002477645874023,17.84331703186035,17.187381744384766,16.812345504760742,16.41059684753418,17.449085235595703,17.00147247314453,16.817691802978516,-0.012379646301269531
1903177425645971072,339.4230557296998,34.54057705519047,-3.317791605593638,-4.745289279120072,16.96670150756836,18.019332885742188,17.199804306030273,16.72795295715332,16.294490814208984,17.552248001098633,16.931076049804688,16.7143497467041,-0.008971214294433594
1903139458134927360,339.3693667094784,34.31385441973121,3.7890478537849024,-3.56382306485433,14.877607345581055,15.614959716796875,15.034172058105469,14.6839017868042,14.336804389953613,15.247676849365234,14.863000869750977,14.734469413757324,-0.0026650428771972656
1903180036985904640,339.3833075367507,34.54535046522786,-16.13031407901902,-15.388058868628153,14.383774757385254,15.491717338562012,14.565080642700195,14.027658462524414,13.446422576904297,14.960870742797852,14.279131889343262,13.891695022583008,0.1967257261276245
1903175535860198144,339.4225730304226,34.43813387777161,3.8148799915003373,-4.084922184829066,10.992713928222656,12.446139335632324,11.329755783081055,10.716510772705078,10.164477348327637,11.855045318603516,10.952524185180664,10.614434242248535,0.0077707767486572266
1903151037366556544,339.2426725378346,34.368085588376516,0.7170408654455088,-3.5866386258593868,15.897247314453125,17.001758575439453,16.143693923950195,15.647841453552246,15.2056303024292,16.52765464782715,15.8507719039917,15.630434036254883,-0.006264209747314453
1903152583554966016,339.3151267205158,34.405292885559035,-0.28519940798935073,-10.459177115865941,16.740026473999023,17.936222076416016,17.022464752197266,16.485782623291016,16.008708953857422,17.43019676208496,16.696508407592773,16.43950843811035,-0.011038899421691895
1903152411756276224,339.31257199719477,34.38985717516056,0.600973465802891,-3.5163157254355957,17.410289764404297,18.504680633544922,17.6719913482666,17.18166732788086,16.70848274230957,18.034229278564453,17.387666702270508,17.14362335205078,-0.023256897926330566
1903154885657421184,339.11664344842745,34.4104802300965,-4.016503001805795,-0.40474131069183594,16.013051986694336,17.316713333129883,16.32099151611328,15.747525215148926,15.246814727783203,16.777847290039062,15.968398094177246,15.68083667755127,-0.007127642631530762
1903906161337080192,339.11438376042224,34.47854717173668,-2.1462424248297527,-4.694463304331265,16.624277114868164,17.806442260742188,16.89180564880371,16.384841918945312,15.91484260559082,17.29075050354004,16.596139907836914,16.34630584716797,-0.020784854888916016
1903905852099436160,339.0725806062995,34.44521174674378,-4.189839981250571,-3.8996687797516048,14.303315162658691,14.957037925720215,14.443070411682129,14.125932693481445,13.804991722106934,14.627668380737305,14.297398567199707,14.197342872619629,-0.0021260976791381836
1903906814172102016,339.06095977257576,34.4994386916893,2.5449662172131595,-5.245855862432899,17.2484073638916,18.183368682861328,17.462581634521484,17.02678680419922,16.599061965942383,17.774696350097656,17.222734451293945,17.02349853515625,-0.006372928619384766
1903908119842156800,339.1486364353715,34.55705281909054,-6.924984992281942,-3.475860274072946,17.33496856689453,18.632701873779297,17.67021942138672,17.02857208251953,16.47562026977539,18.130258560180664,17.267778396606445,16.92149543762207,0.09797155857086182
1903155366693574272,339.18894823323865,34.457881683197144,-21.950477986100097,-3.5966023577404655,16.191743850708008,18.293794631958008,16.861536026000977,15.937500953674316,15.095459938049316,17.652313232421875,16.24339485168457,15.622541427612305,0.017070531845092773
1903155847730099456,339.29639311920806,34.45823721386206,-0.4815605582481777,1.8093290007442069,16.421567916870117,17.30817413330078,16.603443145751953,16.202470779418945,15.80530834197998,16.887765884399414,16.394689559936523,16.216461181640625,-0.003758549690246582
1903157153400143232,339.19649934182377,34.50825731440575,-2.3874283754126266,-1.8690674246941892,17.27043914794922,18.084346771240234,17.45163917541504,17.07438087463379,16.6851806640625,17.70436668395996,17.257465362548828,17.096202850341797,-0.006784200668334961
1903163750469941760,339.4528040873597,34.423725214093714,0.17407838178686622,-0.7651841248071268,17.038347244262695,17.986181259155273,17.253711700439453,16.82583236694336,16.40028953552246,17.561033248901367,17.025070190429688,16.81387710571289,-0.013791084289550781
1903137533989407104,339.34788142097545,34.24386977602654,-8.196772815699177,-9.160509149602566,14.604015350341797,15.28774642944336,14.747503280639648,14.424241065979004,14.090261459350586,14.937952041625977,14.599106788635254,14.483946800231934,-0.001652836799621582
1903138461702523392,339.4124413007907,34.287939426655726,5.1855386976981,1.0897466455950302,12.62005615234375,13.330727577209473,12.774698257446289,12.434134483337402,12.08866024017334,12.98038387298584,12.612651824951172,12.485811233520508,-0.0014537572860717773
1903176326134352000,339.4627288681567,34.50399268315066,-3.505724436374738,-3.815328177548333,15.772997856140137,17.062211990356445,16.07139778137207,15.51866626739502,14.999646186828613,16.52909278869629,15.74217700958252,15.442850112915039,-0.0023136138916015625
1903175810738099456,339.3957951659472,34.45520668153385,-3.720799431607767,-2.3596434906027968,15.305017471313477,16.27132797241211,15.509705543518066,15.078106880187988,14.669498443603516,15.825434684753418,15.271474838256836,15.084305763244629,-0.005172610282897949
1903177185127624960,339.4210610972346,34.523385267177424,-1.9824128502109255,-3.696675086525194,16.79003143310547,17.1987361907959,16.864917755126953,16.666772842407227,16.447221755981445,16.934064865112305,16.814664840698242,16.809799194335938,-0.017010211944580078
1903144027979942272,339.1403818630199,34.25094867667776,-2.8092866637116987,-5.625556864873952,15.755328178405762,16.56681251525879,15.917506217956543,15.544882774353027,15.180828094482422,16.176429748535156,15.727282524108887,15.584858894348145,-0.0015789270401000977
1903180311863806208,339.3637410728181,34.56908779499163,7.672000761168228,-2.958897921287889,11.947290420532227,13.504508018493652,12.303443908691406,11.673129081726074,11.101204872131348,12.877962112426758,11.91308879852295,11.558481216430664,-0.005364537239074707
1903144371577505408,339.19271542100796,34.29180172546938,5.932896566928422,29.697250841300953,13.534830093383789,14.78969669342041,13.839896202087402,13.277240753173828,12.770705223083496,14.275257110595703,13.49580192565918,13.211214065551758,-0.002910017967224121
1903175673299150208,339.4414667566502,34.45626947311861,4.302529182987268,-6.629294982310236,16.977519989013672,18.756380081176758,17.498687744140625,16.705747604370117,16.023433685302734,18.159372329711914,16.969491958618164,16.512290954589844,-0.004343390464782715
1903147876270622080,339.13867239863947,34.3471422444343,4.478872980317859,-2.205254186338655,15.77345085144043,16.648468017578125,15.952445030212402,15.555302619934082,15.174168586730957,16.237937927246094,15.74411392211914,15.57874584197998,-0.004227876663208008
1903147944990096640,339.13073420582634,34.35908826458041,-0.36009900472359296,1.3531091164066429,17.606813430786133,18.79742431640625,17.867958068847656,17.354455947875977,16.88427734375,18.290037155151367,17.55952262878418,17.31696128845215,-0.007064223289489746
1903148426026430976,339.0494460328124,34.34117045314864,,,16.078378677368164,16.730470657348633,16.091394424438477,15.710142135620117,15.288980484008789,16.344829559326172,15.912177085876465,15.699191093444824,0.22209930419921875
1903149078861492480,339.258045672273,34.235862173040154,-3.9363025242237333,-1.3916476896002012,15.572786331176758,16.721044540405273,15.82876205444336,15.33336353302002,14.846735954284668,16.225610733032227,15.54664421081543,15.282881736755371,-0.0015163421630859375
1903150521970485632,339.1825075000055,34.31490445506491,-0.7742520573804152,-4.6547800159155805,17.40932273864746,18.505157470703125,17.63910675048828,17.17338752746582,16.718557357788086,18.023025512695312,17.37944793701172,17.14099884033203,-0.011346817016601562
1903149525538084096,339.27151389397267,34.28822293419683,-3.6728736851118744,-8.969468343020441,17.383386611938477,18.621742248535156,17.67278480529785,17.13762664794922,16.61610984802246,18.103620529174805,17.35992431640625,17.05327033996582,-0.011304974555969238
1903152033799155968,339.3972691370038,34.414280916979955,1.9500265556137015,-6.025395554430674,16.47127342224121,17.636808395385742,16.751794815063477,16.22439956665039,15.74109172821045,17.153799057006836,16.435131072998047,16.17487335205078,-0.009592652320861816
1903152652274440448,339.27861572637033,34.399281163890144,-1.9834061770183076,-2.839663383690504,14.93884563446045,15.831461906433105,15.121131896972656,14.712516784667969,14.324185371398926,15.412755966186523,14.903717041015625,14.73061752319336,0.007979154586791992
1903154920016975616,339.0835885745988,34.41048359128961,4.24385332488162,-2.3688982175661186,17.307872772216797,17.758243560791016,17.408201217651367,17.177627563476562,16.925565719604492,17.49396514892578,17.331058502197266,17.299575805664062,-0.007527709007263184
1903154576419597952,339.13135101056633,34.38008476129929,-1.1530610439538878,-2.6082124992175544,17.29488754272461,18.427392959594727,17.533777236938477,17.00660514831543,16.48738670349121,17.93560218811035,17.232789993286133,16.925569534301758,0.060334205627441406
1903153648706669696,339.2019075950342,34.36696861578653,-7.000872466750669,-7.582063195198574,14.646964073181152,15.562714576721191,14.827044486999512,14.424561500549316,14.035699844360352,15.131169319152832,14.613568305969238,14.444805145263672,-0.0022069215774536133
1903155229254620032,339.16751021733177,34.452186774087764,-0.23420042480841635,-0.24441361755301405,16.76034927368164,17.736164093017578,16.96471405029297,16.536603927612305,16.12819480895996,17.28531837463379,16.726778030395508,16.543621063232422,-0.006718754768371582
1903899667346534016,339.070921165176,34.40168005416914,-2.5484069262002733,-3.1939612972884857,14.324204444885254,15.74319839477539,14.65047836303711,14.054850578308105,13.518939971923828,15.163702964782715,14.282807350158691,13.969400405883789,-0.005309700965881348
1903905886459171968,339.0438643432709,34.45609299443152,-0.4619160959497684,-0.31239252865237277,17.13163185119629,17.97806167602539,17.31167221069336,16.92380714416504,16.53487205505371,17.575267791748047,17.111398696899414,16.943754196166992,-0.004067778587341309
1903908978835788672,339.1457551983851,34.57371964389038,-5.403032025162819,-7.613201823778664,17.245586395263672,18.42332649230957,17.49335479736328,17.00397491455078,16.540178298950195,17.897445678710938,17.21217918395996,16.965627670288086,-0.02203547954559326
1903909047555089152,339.1354064473176,34.58206831231122,12.679803138224617,6.822450901796215,13.259987831115723,14.057147026062012,13.4225492477417,13.056790351867676,12.699474334716797,13.67280387878418,13.238259315490723,13.099729537963867,-0.001883864402770996
1903155401053312512,339.14683586560005,34.43934469311381,-10.438497377923383,2.7550046854674695,14.416027069091797,15.514274597167969,14.65334415435791,14.170979499816895,13.730623245239258,15.029912948608398,14.373296737670898,14.153162002563477,-0.005041599273681641
1903137877586783104,339.31205977272595,34.27252747840762,1.3636956713702282,-0.7119061836176738,16.17787742614746,16.888755798339844,16.326141357421875,15.992110252380371,15.652215957641602,16.53660011291504,16.167741775512695,16.0479679107666,-0.003906369209289551
1903139183257028096,339.3912279481803,34.285309644638524,-4.38760523435386,-5.127091879799921,17.25402069091797,18.19950294494629,17.454294204711914,17.03778076171875,16.631759643554688,17.762466430664062,17.228809356689453,17.045194625854492,-0.018786907196044922
1903177524429063680,339.428604885354,34.55042199724591,-0.0009455854378395134,-0.9877524539834488,16.07839012145996,16.943164825439453,16.2549991607666,15.860397338867188,15.470455169677734,16.533414840698242,16.04886817932129,15.877520561218262,0.004988551139831543
1903140248408902016,339.43066496568593,34.392027158527775,-2.0927078010076854,-2.462733828343894,14.332565307617188,15.922126770019531,14.711601257324219,14.072196006774902,13.460716247558594,15.285968780517578,14.321167945861816,13.93020248413086,-0.003992557525634766
1903180758540401536,339.3578249664503,34.58265978720415,-1.7511434264244001,-4.91091119892231,14.607102394104004,15.310980796813965,14.75784683227539,14.416269302368164,14.072465896606445,14.96324348449707,14.59366512298584,14.470964431762695,0.001620650291442871
1903181102137783680,339.3332741980071,34.58055970163257,-4.198158035991027,-3.6306010427859086,16.197128295898438,17.13336944580078,16.403263092041016,15.973210334777832,15.552400588989258,16.71147346496582,16.17208480834961,15.97133731842041,-0.0015017986297607422
1903144543376013824,339.16414147178375,34.285106751545555,-0.33496775289301733,-1.605113323695823,16.630905151367188,17.49048614501953,16.82221794128418,16.433576583862305,16.025636672973633,17.08245086669922,16.628089904785156,16.4371337890625,-0.00783085823059082
1903144096699415808,339.12063121966446,34.26107414917447,6.6187507738740905,-47.93853798176917,15.944570541381836,18.267749786376953,16.883710861206055,15.844779968261719,14.646780014038086,17.644460678100586,16.267841339111328,15.268521308898926,0.05656635761260986
1903144440296800512,339.15914727993425,34.27345174793312,-0.6804969294754262,-3.357983943807444,15.023530006408691,15.808712005615234,15.189809799194336,14.825835227966309,14.453484535217285,15.432787895202637,15.010467529296875,14.8588228225708,0.0016410350799560547
1903149972214679296,339.26845288152833,34.31371418681421,-12.118108803464441,-0.9125800222175985,15.44326400756836,16.28179359436035,15.620893478393555,15.236258506774902,14.853315353393555,15.885454177856445,15.424739837646484,15.259481430053711,-0.002808213233947754
1903151277884922752,339.34654157438166,34.32444166475709,0.5820313310226849,-6.050935034670098,16.013364791870117,16.964250564575195,16.226028442382812,15.788538932800293,15.356425285339355,16.54412078857422,15.983938217163086,15.780611991882324,0.0003815889358520508
1903152136878551808,339.3742950311562,34.405984231170706,-4.35567859373235,-10.455819087341037,15.77812671661377,17.196392059326172,16.144535064697266,15.50539779663086,14.951118469238281,16.6502742767334,15.738447189331055,15.4041748046875,-0.0017265081405639648
1903152583554963072,339.3091329766516,34.41511974788304,21.237159370784102,-8.190615757449525,14.82534408569336,17.060325622558594,15.606513023376465,14.641834259033203,13.660440444946289,16.393091201782227,14.987948417663574,14.22171688079834,0.004115104675292969
1903153339469200512,339.340003475854,34.46378480981721,0.4502708880016536,1.3347607149989125,16.51367950439453,17.502517700195312,16.740976333618164,16.294767379760742,15.854333877563477,17.065227508544922,16.49674415588379,16.2761173248291,-0.0007290840148925781
1903154920016976640,339.0914363845862,34.40912520018639,0.19579260359482065,-5.857985893567949,16.76021385192871,17.727985382080078,16.963895797729492,16.535335540771484,16.10521697998047,17.286741256713867,16.735248565673828,16.523414611816406,4.851818084716797e-05
1903154061023529088,339.22342645726707,34.38133677406744,-5.3427143965918535,-4.649134869467746,16.657190322875977,17.644845962524414,16.859800338745117,16.418128967285156,16.019603729248047,17.195646286010742,16.61054039001465,16.42631721496582,-0.010758519172668457
1903155126175408640,339.1687244693926,34.42646709380173,14.324983732878994,3.3900757261345733,15.937467575073242,17.676902770996094,16.450963973999023,15.678481101989746,14.971107482910156,17.07918930053711,15.949460983276367,15.46189022064209,0.0012983083724975586
1903155229254620544,339.1690990698495,34.45075893943309,3.706997894194221,-0.6545341338027384,17.24650001525879,18.907981872558594,17.684906005859375,16.969127655029297,16.361520767211914,18.300678253173828,17.215951919555664,16.82666015625,-0.008008718490600586
1903906058257862144,339.09158804235983,34.48858084916947,-7.485853025184449,-7.936383099776045,17.572093963623047,18.96463394165039,17.929420471191406,17.29727554321289,16.76712417602539,18.41790008544922,17.526111602783203,17.209796905517578,-0.010993719100952148
1903907844964256000,339.16791956499617,34.531084457616664,-6.382645581416517,0.7448707568666011,15.270302772521973,16.21759033203125,15.469645500183105,15.048879623413086,14.628538131713867,15.785697937011719,15.246221542358398,15.04297924041748,-0.0009481906890869141
1903907741885044224,339.176050657045,34.51449043777109,-6.234611642015219,-9.93168920560895,16.363374710083008,17.27960205078125,16.5645809173584,16.142412185668945,15.734565734863281,16.86016082763672,16.336769104003906,16.148672103881836,-0.0028612613677978516
1903908978835789312,339.1496695803573,34.569831166879915,-3.8346891183193796,-2.948416042670438,15.4339017868042,16.796247482299805,15.753293991088867,15.181692123413086,14.623522758483887,16.238611221313477,15.414841651916504,15.077642440795898,-0.003918766975402832
1903907948043643136,339.1822537104045,34.53605024323842,-15.83426025691305,-9.450476608157436,12.465601921081543,13.225152969360352,12.621871948242188,12.270008087158203,11.922198295593262,12.852052688598633,12.4492769241333,12.320183753967285,-0.0013180971145629883
1903157153400142848,339.1927526675771,34.5077806095195,-3.150910550829454,-1.8670250297345208,14.803231239318848,16.14249038696289,15.10749340057373,14.53672981262207,14.023431777954102,15.591232299804688,14.758630752563477,14.467321395874023,-0.0035643577575683594
1903156912881979648,339.2316709650783,34.49165640181761,128.67923608096066,18.453804338949848,13.636127471923828,15.926466941833496,14.457438468933105,13.482917785644531,12.413843154907227,15.249295234680176,13.857694625854492,13.000922203063965,0.0225069522857666
1903157153400142208,339.19969059654414,34.51405796618572,-1.6173547389850353,-3.4499085726519274,16.00743293762207,17.11514663696289,16.244131088256836,15.769816398620605,15.303459167480469,16.6239070892334,15.981131553649902,15.730700492858887,-0.00225830078125
1903157153400142464,339.19068159285774,34.50776536084135,-0.8283666222937571,-7.795096847306945,16.83024024963379,18.233463287353516,17.178966522216797,16.54415512084961,16.024194717407227,17.69061279296875,16.768957138061523,16.467510223388672,-0.010123252868652344
1903137293471237888,339.2986019456294,34.22579029713906,-6.652643578358461,-3.7515744871853007,16.836318969726562,18.61113739013672,17.34666633605957,16.54767417907715,15.875005722045898,18.020341873168945,16.810340881347656,16.355396270751953,0.004897117614746094
1903176738451028352,339.4176845113024,34.50476472511532,-9.648293210504544,-4.218110041759387,16.825519561767578,17.705297470092773,17.022747039794922,16.607933044433594,16.199419021606445,17.30219841003418,16.800350189208984,16.614513397216797,-0.005648255348205566
1903175845097837568,339.4177258654062,34.466598797044036,-1.7177205969340215,-4.452473482695936,15.479382514953613,16.187538146972656,15.6365966796875,15.294499397277832,14.94304084777832,15.842621803283691,15.475152015686035,15.343146324157715,1.9550323486328125e-05
1903139595573879424,339.39014110019815,34.333906443640394,-2.444186119990153,4.114369672015739,17.5922794342041,18.72636604309082,17.860572814941406,17.35636329650879,16.877277374267578,18.239681243896484,17.56443214416504,17.308013916015625,0.014369010925292969
1903180071345639936,339.3510741933554,34.544414859237314,-7.144548824316179,-2.2826143199145523,17.146638870239258,18.132856369018555,17.37787628173828,16.92388153076172,16.48235321044922,17.70382308959961,17.125621795654297,16.902820587158203,-0.015112638473510742
1903181102137781632,339.32172653807174,34.58612077583022,-4.190254260574435,-5.1375087764773255,16.278841018676758,17.549928665161133,16.574390411376953,16.031248092651367,15.497091293334961,17.026321411132812,16.260164260864258,15.941215515136719,-0.0028400421142578125
1903144096699416064,339.1221191693973,34.2603152269035,7.271464337820232,-47.84638822981678,12.239420890808105,13.197341918945312,12.433398246765137,12.00810432434082,11.61332893371582,12.751307487487793,12.199115753173828,12.023561477661133,-0.004176974296569824
1903149697336774912,339.28048677250894,34.297183716988506,-3.287779004612029,-3.7818013018080427,16.285640716552734,17.101415634155273,16.455503463745117,16.087366104125977,15.707378387451172,16.71195411682129,16.27060890197754,16.117162704467773,-0.005610108375549316
1903150521970668160,339.17916046243096,34.31452451153563,-6.2382163808119095,-8.771643355692511,16.818559646606445,18.093257904052734,17.128864288330078,16.556381225585938,16.01714515686035,17.571910858154297,16.785442352294922,16.46624183654785,0.01101076602935791
1903149903495332480,339.27322928970085,34.309095386540314,-8.20416723934242,-6.517771243633597,15.01320743560791,15.802188873291016,15.186789512634277,14.815887451171875,14.439825057983398,15.4292573928833,15.001303672790527,14.84432601928711,0.00026345252990722656
1903151140445770496,339.25074791251865,34.3772475832797,64.98694131632509,-19.370111578940545,14.501373291015625,16.865713119506836,15.374239921569824,14.369635581970215,13.272701263427734,16.17605209350586,14.754612922668457,13.865657806396484,0.0067675113677978516
1903151552762823040,339.32367327270214,34.35452464798656,-3.0701289812317647,-9.803408203428223,16.35331916809082,17.57375717163086,16.644664764404297,16.0985107421875,15.606738090515137,17.0780086517334,16.314655303955078,16.04129981994629,-0.005982160568237305
1903155091815665280,339.12600408864523,34.443412856058494,0.318597391614514,-2.936823645831858,14.362103462219238,15.285137176513672,14.553332328796387,14.14033031463623,13.745732307434082,14.855642318725586,14.330808639526367,14.155736923217773,-0.0036793947219848633
1903155160535147392,339.1766351372062,34.42672430007423,-1.3543311378199898,7.0548979619375025,15.214316368103027,16.008861541748047,15.383048057556152,15.017122268676758,14.645759582519531,15.62830924987793,15.20330810546875,15.047810554504395,-0.001662135124206543
1903154851297501312,339.09520052823825,34.396588863761494,5.160256355662255,-19.925891102385286,17.11841583251953,19.213953018188477,17.72960662841797,16.770751953125,15.785301208496094,18.539621353149414,17.124948501586914,16.354026794433594,0.2268620729446411
1903899701706269952,339.04125197717656,34.41112119310018,-3.0380671384277385,-4.886883598288283,17.35697364807129,18.523542404174805,17.633155822753906,17.118633270263672,16.639657974243164,18.032291412353516,17.329050064086914,17.073793411254883,-0.012362360954284668
1903156019528605696,339.2211146144658,34.45327491283302,-9.849211125346505,-0.6437305454536554,17.49213218688965,18.954246520996094,17.883092880249023,17.22898292541504,16.641149520874023,18.39469337463379,17.47119903564453,17.099388122558594,-0.010384202003479004
1903156603644335616,339.27580482490396,34.50704955898674,3.5565986116558497,1.6221896520686079,14.577661514282227,15.634202003479004,14.797237396240234,14.333903312683105,13.91140079498291,15.159955978393555,14.532126426696777,14.32861328125,-0.004369854927062988
1903157256479356672,339.20406117158,34.52120585929143,0.9748373377225743,-6.388420189047299,16.898393630981445,17.87198257446289,17.12527847290039,16.680715560913086,16.249183654785156,17.43877410888672,16.88102149963379,16.665285110473633,-0.0007386207580566406
1903157737515690752,339.2565128961702,34.56080162365894,2.389864197537692,-5.720946930884172,14.280088424682617,15.095736503601074,14.44487190246582,14.074785232543945,13.71444034576416,14.702825546264648,14.256776809692383,14.115553855895996,-0.001707315444946289
1903162616598586624,339.4823825904665,34.36649631376744,-3.5054279928144436,-4.178978017041046,17.130077362060547,18.082971572875977,17.329256057739258,16.909086227416992,16.50608253479004,17.651992797851562,17.099130630493164,16.91999053955078,-0.011002063751220703
1903138015025917696,339.3402143233095,34.29281243174932,1.767513092106547,-5.125037950840268,14.571632385253906,15.4253568649292,14.75044059753418,14.35938835144043,13.978206634521484,15.022375106811523,14.546496391296387,14.38480281829834,-0.0002682209014892578
1903137980666179456,339.34838615138403,34.29584011543958,-0.1681629148942127,-2.394622859864909,15.0986967086792,16.11263656616211,15.316156387329102,14.866623878479004,14.436989784240723,15.656685829162598,15.066384315490723,14.85488510131836,-0.004130125045776367
1903138358623312512,339.4176908232394,34.26437605806886,-0.4005456753896498,-2.8627680619348927,15.602887153625488,16.379478454589844,15.774044036865234,15.406620025634766,15.031238555908203,16.00870132446289,15.591117858886719,15.438438415527344,0.002451181411743164
1903176360493908608,339.43949974458644,34.501643723116565,-7.3172175955077465,-6.221499918785389,16.828245162963867,18.00725555419922,17.103349685668945,16.571285247802734,16.0996036529541,17.508026123046875,16.782997131347656,16.526607513427734,-0.011572957038879395
1903140076610392064,339.3982440696945,34.371198660732375,-5.932198503187232,-6.574624418964986,16.251649856567383,16.939929962158203,16.397335052490234,16.073312759399414,15.738686561584473,16.594945907592773,16.24972915649414,16.12938117980957,-0.008379340171813965
1903180071345639808,339.3584755236852,34.54775991179369,-5.561656157800703,-9.717757660904546,15.554709434509277,16.523099899291992,15.750554084777832,15.31944751739502,14.916447639465332,16.076143264770508,15.513340950012207,15.327460289001465,-0.002214193344116211
1903181067778042496,339.30373115014123,34.58373341356462,-4.814173375884534,-5.5429077858283735,15.979790687561035,16.96613883972168,16.187236785888672,15.750328063964844,15.324569702148438,16.518613815307617,15.948307991027832,15.743889808654785,-0.0031739473342895508
1903147120356385664,339.09654790439885,34.283711739688876,-2.116370801555736,-4.061792848303816,16.994022369384766,17.872106552124023,17.178058624267578,16.779876708984375,16.38423728942871,17.45501136779785,16.971355438232422,16.792095184326172,-0.00403439998626709
1903147738831670656,339.11121021194117,34.325547998367036,6.12271705967756,-2.486459202491666,14.088120460510254,14.890357971191406,14.26688289642334,13.891806602478027,13.507634162902832,14.516281127929688,14.077987670898438,13.914596557617188,0.0011143684387207031
1903147871978019200,339.14236078968673,34.338232057591526,-6.884955095046248,-7.056873553219998,16.936738967895508,17.914274215698242,17.153234481811523,16.70228385925293,16.26763916015625,17.483983993530273,16.902538299560547,16.689786911010742,0.00928962230682373
1903151243524982656,339.25745613185506,34.39831700112415,4.924886566440794,-1.9943028631982465,14.887141227722168,15.750375747680664,15.079867362976074,14.683841705322266,14.282323837280273,15.349762916564941,14.872807502746582,14.697574615478516,-0.011071324348449707
1903153236389986816,339.32733630780615,34.451805160100925,4.311673521169323,4.461320129755158,16.875185012817383,18.333654403686523,17.301118850708008,16.562597274780273,15.90792179107666,17.842069625854492,16.82484245300293,16.385211944580078,0.13310933113098145
1903155229254622208,339.172272471258,34.44283997363476,-0.14887209935922496,-3.9213354124426107,17.237354278564453,18.162113189697266,17.433210372924805,17.005958557128906,16.605945587158203,17.745994567871094,17.199485778808594,17.01885223388672,0.01241159439086914
1903155572852001792,339.17454322082574,34.47563408927597,1.4689963131967887,0.2812706069643054,16.442590713500977,17.594970703125,16.70654296875,16.196075439453125,15.722750663757324,17.104658126831055,16.404338836669922,16.15688133239746,-0.0022745132446289062
1903156947241717504,339.24186767414227,34.50197299474651,-4.9469728453676485,-6.604489573708033,16.198759078979492,17.241222381591797,16.430011749267578,15.969636917114258,15.533172607421875,16.77425765991211,16.171878814697266,15.949033737182617,-0.009318351745605469
1903163613030992128,339.4945517040928,34.42151886238418,-12.698762172024363,-8.074866273060703,16.404741287231445,17.53375244140625,16.66225814819336,16.163747787475586,15.702900886535645,17.049171447753906,16.372140884399414,16.12885284423828,-0.009516119956970215
1903139251976502400,339.3843726363206,34.29560454084173,-4.039086872274135,-2.9786178407846604,17.547889709472656,18.495615005493164,17.76975440979004,17.316682815551758,16.876750946044922,18.08087730407715,17.516098022460938,17.307159423828125,0.007100582122802734
1903137671428542592,339.37579518757053,34.26147293432878,,,17.0091609954834,18.4079647064209,17.18622589111328,16.44695281982422,15.787900924682617,17.814559936523438,16.711843490600586,16.25796890258789,0.3969299793243408
1903175982536789888,339.4363618685968,34.48506342420921,-12.716359736570263,-4.6360253961676765,16.067296981811523,17.281240463256836,16.355072021484375,15.787637710571289,15.270621299743652,16.772144317626953,16.01439666748047,15.705232620239258,0.03681933879852295
1903176944609453952,339.36868682726174,34.520151557763356,0.1249044500002845,10.3347088748162,13.739853858947754,14.46920394897461,13.891528129577637,13.55044174194336,13.206132888793945,14.108590126037598,13.728279113769531,13.602742195129395,-0.0005640983581542969
1903177082048407808,339.38827296712196,34.526178508238694,-12.335358430243206,-9.637872620170278,15.205004692077637,16.166542053222656,15.402434349060059,14.974976539611816,14.57235336303711,15.719555854797363,15.168831825256348,14.98161506652832,-0.005004525184631348
1903139458134929664,339.3701929917521,34.301820856534704,-1.2751806956367098,-16.224366506701905,16.284225463867188,17.80914306640625,16.691909790039062,16.007450103759766,15.420914649963379,17.247133255004883,16.24676513671875,15.882148742675781,-0.007473349571228027
1903181411375423488,339.3095706521188,34.607407351090224,-2.2624119042902118,-7.218279277298111,15.681507110595703,16.5548152923584,15.866779327392578,15.469675064086914,15.07465648651123,16.146385192871094,15.659136772155762,15.484127044677734,-0.0049637556076049805
1903144165418899456,339.18696000957306,34.247348992899,-11.621782911379047,-7.763470926423463,11.456655502319336,12.160429000854492,11.59795093536377,11.267919540405273,10.940924644470215,11.806447982788086,11.441617965698242,11.3333158493042,-0.002719402313232422
1903147395234285824,339.08013794361153,34.31691027806824,-16.97801525721682,-7.868603752958373,15.157703399658203,16.870630264282227,15.620567321777344,14.868017196655273,14.23976993560791,16.269832611083984,15.120012283325195,14.710362434387207,0.0019843578338623047
1903149491178346240,339.25672585850725,34.2798454047441,-2.1295221115072014,-2.8610988530414625,17.004295349121094,17.867435455322266,17.19463539123535,16.792057037353516,16.39723777770996,17.46588706970215,16.98179817199707,16.802953720092773,0.0014221668243408203
1903149078861491456,339.2573615182484,34.24425905820036,-1.4635346750710378,-3.439914977949941,15.628804206848145,16.383562088012695,15.781993865966797,15.432539939880371,15.081244468688965,16.008514404296875,15.613354682922363,15.475483894348145,-0.0004451274871826172
1903149834775909632,339.31355783298784,34.318892917326714,-1.9517661675068174,-4.6650674211925685,16.3352108001709,17.370349884033203,16.554229736328125,16.0908260345459,15.662226676940918,16.90703582763672,16.290340423583984,16.080989837646484,-0.0029135942459106445
1903151484043347072,339.34908960582777,34.36348768110437,9.864033740635426,7.461282555727721,16.618362426757812,18.867982864379883,17.369829177856445,16.416067123413086,15.479692459106445,18.205148696899414,16.74984359741211,16.031387329101562,-0.0021209716796875
1903150865567869568,339.2796933182622,34.35788029648949,0.20046399138957666,-3.3631100062115404,16.922792434692383,18.167776107788086,17.2083797454834,16.66451072692871,16.180185317993164,17.642412185668945,16.880859375,16.612062454223633,-0.013887524604797363
1903152136878370048,339.3785304413218,34.413431067175345,-3.864035544594899,-2.9616594678497923,16.482559204101562,17.184335708618164,16.628738403320312,16.30426788330078,15.973165512084961,16.834787368774414,16.47761344909668,16.370607376098633,-0.01134800910949707
1903152102518634112,339.37188601659597,34.39421975423522,-12.843600192112273,-7.245797225197497,15.000720977783203,15.828837394714355,15.181089401245117,14.79907512664795,14.408289909362793,15.439226150512695,14.987765312194824,14.81803035736084,0.0010377168655395508
1903153098951037696,339.38111859456,34.45063967835084,2.1774093561178596,-1.9986102222668989,14.014771461486816,15.239530563354492,14.293060302734375,13.771098136901855,13.256528854370117,14.722208023071289,13.99247932434082,13.69980525970459,-0.0010690689086914062
1903154370261166592,339.18501072822437,34.41403922882355,1.3339262630269968,-0.9479789122873999,17.33535385131836,19.065185546875,17.858535766601562,17.054126739501953,16.389131546020508,18.499019622802734,17.31264877319336,16.873905181884766,-0.0007228851318359375
1903899632986795008,339.0636332113191,34.40370758263184,1.862065941860061,-1.7301746058623848,14.742841720581055,15.74862289428711,14.952472686767578,14.511869430541992,14.090795516967773,15.291172981262207,14.710084915161133,14.506680488586426,-0.0026394128799438477
1903907226488961280,339.09306798942504,34.51869834204243,1.1798615332016458,-5.565841518772441,16.820415496826172,17.788114547729492,17.02275276184082,16.59910774230957,16.188148498535156,17.342632293701172,16.79450798034668,16.59938621520996,-0.009659051895141602
1903155297974099072,339.1957091897133,34.45254749024848,-1.1001938642820124,-6.135518707508696,15.840750694274902,16.9616756439209,16.086645126342773,15.593377113342285,15.146578788757324,16.467269897460938,15.798163414001465,15.569579124450684,-0.00469660758972168
1903157359558577152,339.26748030085497,34.519354185078015,-7.193345134406947,-6.794334405716118,15.867513656616211,17.084978103637695,16.153230667114258,15.60619068145752,15.125561714172363,16.57429313659668,15.819731712341309,15.558181762695312,-0.0020751953125
1903137602708881536,339.3357120162324,34.249814637785015,8.60125573428096,1.6824244477846628,14.044897079467773,14.715997695922852,14.187993049621582,13.868556022644043,13.535215377807617,14.379650115966797,14.042607307434082,13.931121826171875,-0.0012664794921875
1903137946306442752,339.3471234680062,34.28593198496353,-3.274484609965977,-5.50245668407102,15.219532012939453,16.097904205322266,15.398275375366211,15.000548362731934,14.622491836547852,15.681286811828613,15.187664985656738,15.026799201965332,-0.004383683204650879
1903177219487543424,339.4363086721654,34.53177518729282,6.588342193977878,9.382915520203529,13.710563659667969,14.579169273376465,13.896973609924316,13.497906684875488,13.109030723571777,14.175436973571777,13.68706226348877,13.517234802246094,-0.0025080442428588867
1903140110969949696,339.40873303165904,34.374115030603484,-4.3975323634954275,-15.30256918426193,15.193751335144043,16.305124282836914,15.433072090148926,14.942737579345703,14.484953880310059,15.815752983093262,15.148553848266602,14.912361145019531,0.017858147621154785
1903139595573880960,339.3934855139215,34.32433790280336,0.07406369579392623,-0.6422706345687671,16.59001922607422,17.862384796142578,16.8908634185791,16.343713760375977,15.82765007019043,17.338510513305664,16.566146850585938,16.267120361328125,-0.009896159172058105
1903143203346233344,339.2445867357557,34.224346370122895,-2.5495228238922865,-6.182335586835498,13.594754219055176,14.373703002929688,13.758774757385254,13.390118598937988,13.03207015991211,13.999192237854004,13.571617126464844,13.43232250213623,0.012935400009155273
1903180174424854528,339.3288824527743,34.54058865150727,-6.411864277948431,-9.090466944154407,16.323579788208008,17.246320724487305,16.52728271484375,16.1012020111084,15.696280479431152,16.822797775268555,16.291561126708984,16.111309051513672,-0.009827852249145508
1903180208784590336,339.3049568135339,34.547068520392216,-3.486533097812279,-11.681774544947984,17.05375099182129,18.544870376586914,17.45157814025879,16.78091049194336,16.214126586914062,17.983919143676758,17.01636505126953,16.666934967041016,-0.014329791069030762
1903180994762662912,339.3034490230677,34.56947867668064,-1.7853099786679945,-5.738789248203464,17.313278198242188,18.233951568603516,17.536035537719727,17.116043090820312,16.681312561035156,17.821950912475586,17.31744384765625,17.096235275268555,-0.022083640098571777
1903175742018625664,339.40930582241145,34.4506012037624,-5.4903488903890985,-7.738554922804347,16.559667587280273,18.11502456665039,16.991422653198242,16.28606605529785,15.676790237426758,17.57280158996582,16.53367805480957,16.144540786743164,-0.0051114559173583984
1903148219868001792,339.05951151110014,34.33863518225065,-5.048894756849441,-3.394150294537014,17.607542037963867,18.733076095581055,17.88777732849121,17.37347984313965,16.88257598876953,18.251916885375977,17.583730697631836,17.318252563476562,-0.012305736541748047
1903150796848391936,339.2468161125901,34.34675431194044,-9.352594429494559,-1.476483329301389,14.480545043945312,15.402338027954102,14.655143737792969,14.22364616394043,13.7957181930542,14.965511322021484,14.425980567932129,14.210362434387207,0.047727108001708984
1903152274317321856,339.3954872744884,34.43264826708761,-5.713328931651069,-6.96162808348536,13.902328491210938,14.571451187133789,14.050159454345703,13.727583885192871,13.392789840698242,14.234101295471191,13.903206825256348,13.786945343017578,-0.0023232698440551758
1903153511267718400,339.1781378651676,34.341903246811974,-3.9761635862568903,-4.182904579117403,17.53972816467285,18.933326721191406,17.888078689575195,17.25847053527832,16.727685928344727,18.381624221801758,17.488441467285156,17.175457000732422,0.008928537368774414
1903152927152348416,339.33545317319636,34.42094973788236,-0.3225298092554696,-10.728810594330739,15.57882022857666,16.671489715576172,15.822446823120117,15.336528778076172,14.882497787475586,16.19541358947754,15.542328834533691,15.307927131652832,-0.007716059684753418
1903152961512086912,339.35214259392603,34.428268706375164,-5.623863480128608,-3.2971305468532375,12.78490161895752,13.900620460510254,13.029544830322266,12.54166030883789,12.085752487182617,13.408613204956055,12.746094703674316,12.514217376708984,-0.0026799440383911133
1903153648706670720,339.20347465802683,34.363245719717945,-5.798268421403957,-7.60506031922327,14.68035888671875,16.80430793762207,15.354865074157715,14.446168899536133,13.588641166687012,16.142105102539062,14.755305290222168,14.118242263793945,-0.0010033845901489258
1903907844964254464,339.16250525169846,34.53726303193247,-4.872227220212822,-4.228309615741685,15.875710487365723,17.00950050354004,16.130632400512695,15.639996528625488,15.15083122253418,16.524337768554688,15.854310035705566,15.58595085144043,-0.0023577213287353516
1903908154202071040,339.16924461484746,34.55819285081072,-0.26124738432605876,-1.439286256032608,17.446374893188477,18.39628791809082,17.667470932006836,17.232667922973633,16.796751022338867,17.972286224365234,17.43191146850586,17.218141555786133,-0.005390048027038574
1903155366693573888,339.19498808487737,34.4629984671576,-3.5788444468373917,-17.1709334186611,12.007495880126953,12.706907272338867,12.155826568603516,11.822775840759277,11.489266395568848,12.357258796691895,11.997848510742188,11.883280754089355,-0.0010967254638671875
1903157806235165056,339.2441064135951,34.574669159475036,-0.136863096010021,-2.8370910967537606,16.94630241394043,17.86186408996582,17.142030715942383,16.72551155090332,16.322885513305664,17.43628692626953,16.914587020874023,16.736536026000977,-0.004346728324890137
1903137465269925376,339.2952203204175,34.247990000102426,-2.861676844311238,-4.431423719209357,14.822562217712402,15.67364501953125,14.99545955657959,14.611059188842773,14.232837677001953,15.267101287841797,14.797368049621582,14.638664245605469,-0.0020433664321899414
1903138392983050752,339.4247973988922,34.269082014839505,-3.856284903786068,-10.059929647165196,14.240758895874023,14.938823699951172,14.391597747802734,14.057042121887207,13.710722923278809,14.591448783874512,14.235161781311035,14.108881950378418,0.0001575946807861328
1903138427342786304,339.39387191211006,34.27026370473768,-2.8805628368802685,-3.8546947762940356,17.024459838867188,17.962839126586914,17.230375289916992,16.806806564331055,16.39460563659668,17.53496742248535,16.99901008605957,16.809524536132812,-0.00964820384979248
1903137774507751296,339.3678216500827,34.29406109275316,-6.09788348763313,-7.19966509103395,16.88433837890625,17.72715187072754,17.05900001525879,16.678489685058594,16.283889770507812,17.321212768554688,16.86684799194336,16.694908142089844,-0.0024530887603759766
1903175913817315456,339.453708354301,34.477778830522375,-1.8320068898759936,-2.342560569358557,17.19918441772461,18.13750457763672,17.402294158935547,16.978849411010742,16.573652267456055,17.71157455444336,17.166927337646484,16.982147216796875,-0.022830486297607422
1903180277504067712,339.3477269203146,34.56238398520029,-4.694743605569184,-4.973519626329663,16.143260955810547,17.079225540161133,16.336545944213867,15.922762870788574,15.511276245117188,16.6451358795166,16.11704444885254,15.927156448364258,-0.0013425350189208984
1903180208784590464,339.3108514375414,34.54966523238422,1.7963568716984273,-10.821339500612831,16.6995792388916,18.674509048461914,17.309329986572266,16.457746505737305,15.65659236907959,18.021610260009766,16.75304412841797,16.1746768951416,-0.005656123161315918
1903181170857257472,339.30735708766,34.58542114631317,-11.91455608319389,-11.201073341251789,17.017724990844727,18.414775848388672,17.387332916259766,16.750349044799805,16.186418533325195,17.889888763427734,16.983535766601562,16.641380310058594,-0.006376147270202637
1903147910630359936,339.1226412759559,34.34185847376905,0.491326059256797,-2.4118478318581467,16.765583038330078,18.11663055419922,17.103784561157227,16.506061553955078,15.979905128479004,17.584064483642578,16.729900360107422,16.423559188842773,-0.006888389587402344
1903149078861492864,339.2630239251962,34.23478884148214,-6.926856297015315,-4.468493082231369,15.506659507751465,16.403671264648438,15.685038566589355,15.285351753234863,14.900533676147461,15.979411125183105,15.473867416381836,15.305399894714355,-0.00015556812286376953
1903151415323873536,339.36228260683487,34.34741845263871,3.7187626864122176,-0.4698995139447294,14.611638069152832,15.413833618164062,14.775532722473145,14.40712833404541,14.044384002685547,15.029735565185547,14.589313507080078,14.445276260375977,-0.0010921955108642578
1903151896360206464,339.3762741414252,34.3783340930757,-6.622129778445744,-3.6335554475794485,13.38656997680664,14.644462585449219,13.66749382019043,13.1394624710083,12.625336647033691,14.108920097351074,13.361651420593262,13.06695556640625,-0.0024437904357910156
1903151621482296832,339.30336978801176,34.36578841359825,-7.805698105795606,-6.53567373187856,16.449892044067383,17.24713134765625,16.61771583557129,16.254581451416016,15.874220848083496,16.862327575683594,16.43863296508789,16.282487869262695,0.002817988395690918
1903151518403084288,339.36273394342504,34.37258732339628,-11.79756747623348,-8.4254448601859,14.075807571411133,15.003854751586914,14.271909713745117,13.852381706237793,13.443744659423828,14.577756881713867,14.045557022094727,13.857148170471191,0.0057392120361328125
1903153923584571904,339.1885375159588,34.390313677584004,5.643667594402843,-3.9948409646146095,14.785265922546387,15.72687816619873,14.977029800415039,14.560297012329102,14.158533096313477,15.288803100585938,14.75255012512207,14.569884300231934,-0.0026694536209106445
1903154748218288000,339.15792534861197,34.4067280243062,1.2339786816014495,-1.7077555385982666,17.454252243041992,19.145078659057617,17.93044662475586,17.169296264648438,16.521656036376953,18.558141708374023,17.423315048217773,16.99791717529297,0.009938955307006836
1903153579987192192,339.16994925313196,34.35699671320669,-4.293909454759888,-3.140576293766447,15.56942367553711,17.067005157470703,15.914100646972656,15.296217918395996,14.734561920166016,16.46306800842285,15.530534744262695,15.190699577331543,-0.005121588706970215
1903153850567953792,339.1478093770966,34.37834292442623,-5.983898329652314,-9.429129297075718,17.00834083557129,19.20813751220703,17.736339569091797,16.789066314697266,15.900538444519043,18.550439834594727,17.10932159423828,16.444869995117188,-0.011742115020751953
1903906882891577344,339.0591587022901,34.50464784569869,0.7073700667111266,-3.98867082549919,14.871429443359375,15.657318115234375,15.03238296508789,14.669039726257324,14.311179161071777,15.279706954956055,14.850076675415039,14.71241569519043,2.6464462280273438e-05
1903155607211739648,339.1605844502948,34.480633767471865,-3.001861629215142,-2.972053443845397,17.281951904296875,18.094932556152344,17.459278106689453,17.06623649597168,16.68464469909668,17.725217819213867,17.255708694458008,17.090072631835938,0.013254523277282715
1903156019528787968,339.2251424815767,34.45520404323258,-1.5899763548525445,-2.0687016414775012,15.567559242248535,16.42655372619629,15.744688034057617,15.352707862854004,14.972149848937988,16.016963958740234,15.539952278137207,15.376891136169434,-0.0006678104400634766
1903164300225932416,339.49808897743117,34.47141532088596,-3.567727980050416,-2.881673481919959,15.276371002197266,16.515151977539062,15.564756393432617,15.038433074951172,14.517354965209961,15.989937782287598,15.26193618774414,14.960427284240723,-0.005318284034729004
1903137396550451584,339.3042344967582,34.2323715508218,-1.2056230840176603,-6.246995196304289,15.075501441955566,15.776396751403809,15.213993072509766,14.78410530090332,14.423517227172852,15.436626434326172,14.973560333251953,14.834014892578125,0.4145103693008423
1903138049385654144,339.34157292108523,34.30194438853356,0.6193859733488545,-2.0540139575336376,14.037089347839355,14.808652877807617,14.19598388671875,13.841205596923828,13.483874320983887,14.431781768798828,14.022254943847656,13.884356498718262,-0.0026764869689941406
1903175845097837056,339.41000974052287,34.46702809875393,6.619949259926385,4.360011250022849,10.037751197814941,11.261940956115723,10.302223205566406,9.786928176879883,9.29520034790039,10.72878360748291,10.003911972045898,9.730182647705078,-0.002061128616333008
1903177253847282816,339.4521442509948,34.53485780643962,-1.2008832831133227,-5.737846561276005,14.128069877624512,15.089911460876465,14.324655532836914,13.896312713623047,13.498703956604004,14.64622688293457,14.087578773498535,13.90920352935791,-0.004675149917602539
1903140145329689344,339.4309359025447,34.37361243522521,15.625496162252308,-1.7702843551701795,17.530500411987305,18.64101791381836,17.801158905029297,17.292314529418945,16.802526473999023,18.16330909729004,17.50680923461914,17.22992706298828,-0.006146430969238281
1903143546943607552,339.2078958465836,34.26215519001105,-6.668542487784279,-2.5632847745981415,17.34874153137207,18.806346893310547,17.725709915161133,17.069673538208008,16.522314071655273,18.254825592041016,17.299901962280273,16.97425079345703,-0.026150226593017578
1903180689820926208,339.35768819220806,34.57822276094679,0.5226565988333393,-0.3843962409040336,17.142724990844727,18.26112937927246,17.394662857055664,16.895732879638672,16.424823760986328,17.782939910888672,17.107324600219727,16.8470458984375,0.0006197690963745117
1903180140065117440,339.33255306504077,34.53420747471298,4.033105893396898,-8.911816133520748,15.800031661987305,17.214815139770508,16.148523330688477,15.524840354919434,14.985241889953613,16.65815544128418,15.75357437133789,15.433417320251465,-0.004101753234863281
1903181583174116992,339.3352621336781,34.60353654689149,-14.113448893377463,-18.103391678080442,15.518184661865234,16.89116859436035,15.888022422790527,15.259374618530273,14.693754196166992,16.368837356567383,15.494915008544922,15.148049354553223,-0.0004457235336303711
1903147429594032128,339.1247604453849,34.29141094139656,-6.028051667982959,-4.289853983862011,15.862881660461426,16.58355712890625,16.01927947998047,15.674437522888184,15.32854175567627,16.227977752685547,15.852117538452148,15.725570678710938,-0.0009555816650390625
1903149662977040128,339.31579433662483,34.29696526544065,3.9602737691852385,-9.970330735474406,14.986676216125488,16.229930877685547,15.279766082763672,14.737884521484375,14.215363502502441,15.711127281188965,14.9614839553833,14.65885066986084,-0.000499725341796875
1903149972214678272,339.2641909141101,34.319602711169274,-1.332875376015839,-3.5713954870484894,17.639511108398438,18.563507080078125,17.833810806274414,17.428688049316406,17.03277587890625,18.125686645507812,17.61690902709961,17.448333740234375,-0.020233631134033203
1903151793280985344,339.3432159408544,34.40508355893786,15.08940112790435,-7.5846747829831305,15.363706588745117,16.70301055908203,15.682559967041016,15.09363842010498,14.580942153930664,16.162004470825195,15.31649398803711,15.022256851196289,-0.004487037658691406
1903151655842035712,339.3231667795679,34.36815775049333,-2.6452737766070253,-11.02408121789652,17.210716247558594,19.346155166625977,17.885604858398438,16.96369743347168,16.128572463989258,18.680755615234375,17.266727447509766,16.660892486572266,-0.009080648422241211
1903151896360206080,339.3808373683394,34.38294157214735,4.378724614089763,2.187235928703159,17.083967208862305,18.014095306396484,17.292232513427734,16.867265701293945,16.448335647583008,17.59766387939453,17.06487274169922,16.8637638092041,-0.004646658897399902
1903153854865095808,339.1510567153745,34.36852941019188,-9.100332794747688,-0.45252769766512585,16.625457763671875,17.841218948364258,16.900999069213867,16.33349609375,15.814708709716797,17.329252243041992,16.559118270874023,16.249408721923828,0.05386161804199219
1903155229254621312,339.16735306296107,34.445475976976304,6.39955018698371,-2.4705169542631062,16.01595115661621,16.901382446289062,16.220521926879883,15.80388355255127,15.38602352142334,16.505096435546875,15.997944831848145,15.802971839904785,0.001059889793395996
1903155126175409408,339.173238203186,34.420318777978004,1.9663403972074063,-1.52716569262951,15.50189208984375,16.49098777770996,15.708866119384766,15.272686958312988,14.859837532043457,16.03729820251465,15.469525337219238,15.274086952209473,-0.005659699440002441
